symbol,strategy_tag,entry_date,entry_price,exit_date,exit_price,return,reason,hold_days,max_dd,entry_rsi,sl_price,exit_open,turnover_krw_entry,turnover_krw_exit
KAITO_KRW,A,2025-05-07 15:00:00,1790.7889999999998,2025-05-09 15:00:00,1947.051,0.04312937230460995,Trail,2,0.0,68.80466472232999,1790.7889999999998,1950.0,49922302961.8131,24609580792.489506
PYTH_KRW,A,2025-05-09 15:00:00,283.28299999999996,2025-05-10 15:00:00,259.48,-0.08402551512092128,SL,1,-0.0998400892393824,64.28571428035714,283.28299999999996,260.0,4830681643.750338,869190953.8300612
ETHFI_KRW,A,2025-05-09 15:00:00,977.9769999999999,2025-05-11 15:00:00,1507.491,0.2702190455399259,Trail,2,0.0,57.63293310324724,977.9769999999999,1510.0,9174943307.104792,7608689474.860665
FIDA_KRW,A,2025-05-12 15:00:00,163.16299999999998,2025-05-13 15:00:00,150.849,-0.07547054172821041,SL,1,-0.1051892892383689,67.46031745282187,163.16299999999998,151.0,55457579325.25909,13460449671.143568
COOKIE_KRW,A,2025-05-21 15:00:00,312.31199999999995,2025-05-23 15:00:00,434.565,0.1952225466840852,Trail,2,0.0,63.568773230892326,312.31199999999995,436.0,13292002248.695263,11457748898.82151
MEW_KRW,A,2025-05-23 15:00:00,6.1921859999999995,2025-05-24 15:00:00,5.596398000000001,-0.09621610203569449,SL,1,-0.1486043862377518,64.99327635367416,6.1921859999999995,5.602,74715620024.02849,11658523278.70582
A8_KRW,A,2025-05-29 15:00:00,230.22999999999996,2025-05-30 15:00:00,185.442,-0.1945358988837248,SL,1,-0.2572644746557789,58.33333332714647,230.22999999999996,186.0,16646932141.333838,652397724.815176
TOKAMAK_KRW,A,2025-06-02 15:00:00,1781.7799999999997,2025-06-03 15:00:00,1645.702,-0.07637194266407736,SL,1,-0.13569576490924792,63.85542168540064,1781.7799999999997,1649.0,25967557262.56803,865461154.9758297
RVN_KRW,A,2025-06-05 15:00:00,22.072049999999997,2025-06-06 15:00:00,20.23974,-0.08301494423943387,SL,1,-0.1840359187297961,65.35303769171244,22.072049999999997,20.26,44647288767.01371,3429790385.579176
ATH_KRW,B,2025-06-07 15:00:00,70.29024,2025-06-08 15:00:00,66.83888,-0.04910155378613011,SL,1,-0.0741246579895018,50.05109860243446,70.29024,67.04,383382307.5411901,331961555.5096157
APE_KRW,B,2025-06-07 15:00:00,976.8599999999999,2025-06-08 15:00:00,964.155,-0.013005957864995935,SL,1,-0.03670945683107089,55.93803786440081,976.8599999999999,969.0,97789695.22736315,64128639.24316619
SOLV_KRW,B,2025-06-09 15:00:00,61.31339,2025-06-10 15:00:00,60.1776,-0.01852433864772442,SL,1,-0.03936154892104318,48.81673083745546,61.31339,60.48,220594193.048563,126734797.23224969
REQ_KRW,B,2025-06-09 15:00:00,202.00499999999997,2025-06-10 15:00:00,200.99497499999995,-0.005000000000000065,SL,1,-0.0049751243781092904,49.999999986,202.00499999999997,207.0,24709910.35003855,29323646.203303967
COOKIE_KRW,B,2025-06-11 15:00:00,360.72,2025-06-12 15:00:00,309.38,-0.14232645819472176,SL,1,-0.28199157241073414,49.16201116933929,360.72,310.0,905409488.8696022,1181101942.1249332
ETHFI_KRW,B,2025-06-11 15:00:00,1894.8929999999998,2025-06-12 15:00:00,1712.286,-0.09636797433944806,SL,1,-0.24481224005788182,49.49066213863084,1894.8929999999998,1714.0,5526242757.213055,4854155849.239819
IOTX_KRW,B,2025-06-13 15:00:00,30.3909,2025-06-14 15:00:00,30.2389455,-0.004999999999999956,SL,1,-0.007597669039087304,52.53790370893009,30.3909,30.6,512864650.36444515,67174656.5580038
WNCG_KRW,B,2025-06-13 15:00:00,38.088049999999996,2025-06-14 15:00:00,35.954010000000004,-0.056029121994956216,SL,1,-0.1577410762693285,71.83580381951532,38.088049999999996,35.99,54476687043.800415,8351593020.898028
THE_KRW,A,2025-06-15 15:00:00,383.766,2025-06-16 15:00:00,372.13,-0.03032055992453741,SL,1,-0.06974562624099065,57.647058818782,383.766,374.0,1808299347.8886664,82404426.16094781
SNT_KRW,B,2025-06-15 15:00:00,46.26622,2025-06-17 15:00:00,60.929010000000005,0.15796107592105005,Trail,2,0.0,51.54013012053962,46.26622,60.99,19905910315.131783,22558446999.545315
RPL_KRW,B,2025-06-17 15:00:00,8405.14,2025-06-18 15:00:00,8030.835,-0.04453286917291079,SL,1,-0.10292987386289812,46.597277822153345,8405.14,8055.0,716341258.3181231,573054199.6582677
SOLV_KRW,B,2025-06-17 15:00:00,61.907999999999994,2025-06-19 15:00:00,62.53575,0.00257002326032183,Trail,2,0.0,46.78391956507664,61.907999999999994,62.85,138750978.6617432,23282372.64530586
LWA_KRW,B,2025-06-19 15:00:00,29.058,2025-06-20 15:00:00,28.73354,-0.011165943974120669,SL,1,-0.05705829719870608,48.17843861156148,29.058,28.82,1124925428.3765373,458883401.6797826
SOLV_KRW,B,2025-06-19 15:00:00,63.164249999999996,2025-06-20 15:00:00,62.7113,-0.007170986752791242,SL,1,-0.0068749332098457395,59.396636951950896,63.164249999999996,62.9,75135989.91584133,323863579.46041435
PAXG_KRW,B,2025-06-20 15:00:00,4722494.999999999,2025-06-22 15:00:00,4698882.524999999,-0.003999999999999997,SL,2,-0.00243409468935363,55.21821631878411,4722494.999999999,4810000.0,40548793.27139902,93852536.63012348
BMT_KRW,B,2025-06-21 15:00:00,177.177,2025-06-22 15:00:00,174.825,-0.013274860732487874,SL,1,-0.017931221321051787,49.64539006599266,177.177,175.0,2967863712.5490103,2744825503.158321
IOTX_KRW,B,2025-06-23 15:00:00,29.878649999999997,2025-06-25 15:00:00,29.729256749999998,-0.004999999999999976,SL,2,-0.028737911518759963,56.867469815570715,29.878649999999997,30.64,165878287.48236743,92702687.82232967
SEI_KRW,A,2025-06-24 15:00:00,374.37399999999997,2025-06-25 15:00:00,373.999626,-0.0009999999999999703,SL,1,-0.057092639980340434,65.31249999714257,374.37399999999997,401.0,53334880864.56355,33750975024.381508
SKY_KRW,B,2025-06-24 15:00:00,114.34199999999998,2025-06-25 15:00:00,110.445,-0.034081964632418464,SL,1,-0.08170226163614408,46.9923002808242,114.34199999999998,111.0,715644478.893978,94451939.54967347
BTC_KRW,B,2025-06-26 15:00:00,147614466.99999997,2025-06-27 15:00:00,146453400.0,-0.007865536648247157,SL,1,-0.007583721451908711,49.2764330102994,147614466.99999997,146600000.0,53298803152.08533,26883063561.13928
BFC_KRW,B,2025-06-26 15:00:00,55.95168,2025-06-28 15:00:00,59.810030000000005,0.032979304285412,Trail,2,0.0,52.27743269958792,55.95168,60.0,910729334.9472567,374677246.774262
POLA_KRW,B,2025-06-27 15:00:00,26.05603,2025-06-28 15:00:00,24.17156,-0.07232375768680034,SL,1,-0.11191382570560439,62.72655627437574,26.05603,24.22,12430073054.113773,1218849180.634028
OGN_KRW,A,2025-06-29 15:00:00,80.46037999999999,2025-06-30 15:00:00,72.94698,-0.09338012075011318,SL,1,-0.13000659455001318,58.90704524980717,80.46037999999999,73.02,9388362970.768057,2066694650.3179953
BFC_KRW,B,2025-06-29 15:00:00,60.2803,2025-06-30 15:00:00,59.05231,-0.02037133192767784,SL,1,-0.054251554819733795,48.60708065349683,60.2803,59.23,374677246.774262,781899619.3071959
MAV_KRW,A,2025-07-01 15:00:00,79.21914,2025-07-02 15:00:00,66.19374,-0.1644223858022189,SL,1,-0.17393700562768036,63.44519013672857,79.21914,66.26,37452592646.03366,3740502805.889543
BOBA_KRW,A,2025-07-01 15:00:00,147.147,2025-07-02 15:00:00,126.746,-0.13864366925591415,SL,1,-0.1505093545909872,68.57142855771428,147.147,127.0,12602644245.995283,1465116045.6369834
RON_KRW,A,2025-07-03 15:00:00,705.7049999999999,2025-07-04 15:00:00,654.345,-0.07277828554424286,SL,1,-0.08460333992248877,62.06896551391201,705.7049999999999,655.0,52031486799.52285,2988955513.615675
HP_KRW,A,2025-07-03 15:00:00,71.06098999999999,2025-07-04 15:00:00,61.55664,-0.13374919206726488,SL,1,-0.16691281672264893,63.44422698848886,71.06098999999999,61.68,14923589261.981207,1246678213.6206217
OBSR_KRW,A,2025-07-05 15:00:00,2.62262,2025-07-06 15:00:00,2.316358,-0.11677711601375716,SL,1,-0.1702953535014603,64.41441373738604,2.62262,2.321,35388271126.94679,1278296933.1061854
BFC_KRW,B,2025-07-05 15:00:00,60.99174,2025-07-06 15:00:00,59.89996,-0.01790045668479043,SL,1,-0.025769718981619453,68.76553434288658,60.99174,60.02,1074951497.4616823,1829367565.0171084
PCI_KRW,B,2025-07-07 15:00:00,144.14399999999998,2025-07-08 15:00:00,140.859,-0.022789710289710073,SL,1,-0.04956154956154941,55.55555554475308,144.14399999999998,141.0,9977056575.803038,2635030422.1414433
FANC_KRW,B,2025-07-07 15:00:00,7.502495,2025-07-09 15:00:00,9.579411,0.1379150206031461,Trail,2,0.0,45.7563808589771,7.502495,9.589,17867762083.20852,6000102534.774864
FANC_KRW,B,2025-07-09 15:00:00,9.598588999999999,2025-07-10 15:00:00,8.872119,-0.07568508246368286,SL,1,-0.07746857376641487,64.5084289268808,9.598588999999999,8.881,22055395624.263958,15413847426.89559
SEI_KRW,B,2025-07-09 15:00:00,362.36199999999997,2025-07-11 15:00:00,454.545,0.12669738824711205,Trail,2,0.0,40.104166663742404,362.36199999999997,455.0,8640417737.780752,35426116906.24832
SKL_KRW,A,2025-07-11 15:00:00,28.468439999999998,2025-07-12 15:00:00,27.1436,-0.04653714780297053,SL,1,-0.05755285502120943,69.37984486712034,28.468439999999998,27.28,4012799921.051502,87458193.7189998
NFT_KRW,A,2025-07-11 15:00:00,0.0006012,2025-07-12 15:00:00,0.000598194,-0.004999999999999918,SL,1,-0.0019960079840319845,66.66355570073398,0.0006012,0.0007,817372387.154958,69871270.52177478
DBR_KRW,B,2025-07-13 15:00:00,30.80213,2025-07-14 15:00:00,30.74052574,-0.0019999999999999775,SL,1,-0.016301794713547327,48.05970144232568,30.80213,30.99,415605431.6181429,1092529569.4602125
BFC_KRW,B,2025-07-13 15:00:00,61.42559999999999,2025-07-14 15:00:00,60.645250000000004,-0.012703986611445138,SL,1,-0.03346487457997955,52.864864784853175,61.42559999999999,60.95,136478038.43732423,191667479.66083628
AERO_KRW,B,2025-07-14 15:00:00,1143.4199999999998,2025-07-15 15:00:00,1108.664,-0.030396529709118138,SL,1,-0.03185181298210618,51.61787365065847,1143.4199999999998,1112.0,249225324.14970824,290523022.93669593
SIX_KRW,B,2025-07-14 15:00:00,31.754979999999996,2025-07-15 15:00:00,30.488259999999997,-0.03989043608278133,SL,1,-0.04266984265145177,45.80479446564494,31.754979999999996,30.58,554272643.2812766,415240500.25991815
CBK_KRW,B,2025-07-16 15:00:00,883.8829999999999,2025-07-17 00:00:00,881.234,-0.0029970029970028695,SL,1,-0.06548717420744593,40.117994099466586,883.8829999999999,883.0,2147497951.830899,1651167333.0791485
TOKAMAK_KRW,B,2025-07-16 15:00:00,1714.422,2025-07-17 00:00:00,1705.867,-0.004990019960079878,SL,1,-0.015994895072508418,49.650349649809556,1714.422,1711.0,851751097.0767512,449924384.18121076
ZIL_KRW,B,2025-07-17 00:00:00,20.53098,2025-07-17 15:00:00,19.969980000000003,-0.027324560249924572,SL,1,-0.10379338930728105,48.79518068548015,20.53098,20.01,1438935411.421812,922667793.1276407
KAIA_KRW,B,2025-07-17 00:00:00,210.20999999999998,2025-07-18 00:00:00,217.782,0.017510560867703823,Trail,2,0.0,46.03174602151676,210.20999999999998,218.0,45410302840.62719,35830451853.92513
BCH_KRW,B,2025-07-18 00:00:00,676175.4999999999,2025-07-19 00:00:00,690808.5,0.010320415705685955,Trail,2,0.0,63.63636363635901,676175.4999999999,707000.0,9395351520.96672,5515420627.72602
KAIA_KRW,B,2025-07-18 00:00:00,218.218,2025-07-19 00:00:00,222.777,0.009945976042306296,Trail,2,0.0,63.33333331855555,218.218,228.0,35830451853.92513,16538948598.529564
STAT_KRW,B,2025-07-18 15:00:00,96.26794,2025-07-19 00:00:00,95.5001,-0.007976071784645985,SL,1,-0.03228426826210262,56.18982115589211,96.26794,95.98,393028080.7527055,159600199.01713142
BCH_KRW,B,2025-07-19 00:00:00,707706.9999999999,2025-07-19 15:00:00,690309.0,-0.024583620057452994,SL,1,-0.025726748499025568,56.53266331657894,707706.9999999999,691000.0,5515420627.72602,5752411695.706639
KAIA_KRW,B,2025-07-19 00:00:00,228.22799999999998,2025-07-19 15:00:00,221.778,-0.02826121247173874,SL,1,-0.027288500972711415,60.31746030405644,228.22799999999998,222.0,16538948598.529564,10654353008.835075
DBR_KRW,B,2025-07-20 00:00:00,28.471649999999997,2025-07-21 00:00:00,29.33174,0.01360432307224911,Trail,2,0.0,58.17843858601317,28.471649999999997,29.42,127978095.02491257,250506456.46888527
MVC_KRW,B,2025-07-20 00:00:00,5.5315449999999995,2025-07-21 00:00:00,5.562263,0.0012766202751672956,Trail,2,0.0,52.64069200262364,5.5315449999999995,5.579,441679255.48077935,545192855.2190034
AWE_KRW,B,2025-07-21 00:00:00,79.89898,2025-07-21 15:00:00,79.65928305999999,-0.003000000000000022,SL,1,-0.0024903947459653645,64.58333328624134,79.89898,81.7,366789331.41979694,620222383.2978337
MVC_KRW,B,2025-07-21 00:00:00,5.595736999999999,2025-07-22 00:00:00,5.681313,0.0071465352106435025,Trail,2,0.0,61.56521664181473,5.595736999999999,5.687,545192855.2190034,3065733425.8251114
STAT_KRW,B,2025-07-21 15:00:00,95.41044,2025-07-22 00:00:00,94.7439,-0.006986027944111753,SL,1,-0.016774264954652677,54.82033300755982,95.41044,95.22,1071063763.9624946,157048510.9269838
TEMCO_KRW,B,2025-07-22 00:00:00,2.241474,2025-07-22 15:00:00,2.234749578,-0.003000000000000003,SL,1,-0.018503002934676025,33.29383831029179,2.241474,2.297,1095374971.4701066,444961842.9938467
MAGIC_KRW,B,2025-07-23 00:00:00,244.488,2025-07-23 15:00:00,228.313,-0.0661586662740094,SL,1,-0.1860541212656654,31.092436971131974,244.488,229.0,1080226550.3358161,773943661.2774534
CYBER_KRW,B,2025-07-25 00:00:00,2158.74,2025-07-25 15:00:00,2125.604,-0.015349694729332838,SL,1,-0.015166254389134303,47.803946530446055,2158.74,2132.0,181801111.85736006,213941100.65352944
MEV_KRW,A,2025-07-25 00:00:00,8.624615999999998,2025-07-26 00:00:00,11.318670000000001,0.15568399706143457,Trail,2,0.0,59.33852123915576,8.624615999999998,11.36,51472572920.22604,11758410144.361475
RAY_KRW,B,2025-07-25 15:00:00,3912.7029999999995,2025-07-26 00:00:00,3889.297,-0.0059820538384844175,SL,1,-0.007847004998845945,49.73858487253526,3912.7029999999995,3901.0,516088123.19101655,300679268.30225617
REZ_KRW,B,2025-07-25 15:00:00,16.81028,2025-07-26 00:00:00,16.70972,-0.005982053838484427,SL,1,-0.02024237549880192,49.18918914782892,16.81028,16.76,408726749.01729137,328288590.31033397
SEI_KRW,B,2025-07-26 00:00:00,435.43499999999995,2025-07-27 00:00:00,453.546,0.020296444934376042,Trail,2,0.0,54.460093893134086,435.43499999999995,454.0,5310274214.409782,13311301621.477594
KNC_KRW,B,2025-07-26 00:00:00,567.132,2025-07-27 00:00:00,588.82,0.018120769062581615,Trail,2,0.0,23.17518248115975,567.132,590.0,927961117.6402749,1338294725.534575
CBK_KRW,B,2025-07-26 15:00:00,870.6039999999999,2025-07-27 00:00:00,865.396,-0.005982053838484512,SL,1,-0.01562593326012737,45.783132528189874,870.6039999999999,868.0,688855803.2583809,305807304.5052771
XLM_KRW,B,2025-07-27 00:00:00,599.5989999999999,2025-07-27 15:00:00,597.402,-0.0036641155172038135,SL,1,-0.02935128310754343,45.64564564372661,599.5989999999999,598.0,15301907000.606634,15891665844.12317
SEI_KRW,B,2025-07-27 00:00:00,454.45399999999995,2025-07-27 15:00:00,453.99954599999995,-0.0009999999999999966,SL,1,-0.007600329186232163,55.504587152398784,454.45399999999995,466.0,13311301621.477594,10299783674.44676
HAEDAL_KRW,B,2025-07-27 15:00:00,243.24299999999997,2025-07-28 00:00:00,242.757,-0.00199800199800184,SL,1,-0.054443498887943205,54.222222218848394,243.24299999999997,243.0,14127352624.169613,7902802801.257515
KNC_KRW,B,2025-07-27 15:00:00,595.188,2025-07-28 00:00:00,593.406,-0.00299401197604797,SL,1,-0.0036761493847321993,36.94444444300772,595.188,594.0,1338294725.534575,39162673601.48315
ALGO_KRW,B,2025-07-28 00:00:00,380.37999999999994,2025-07-28 15:00:00,369.63,-0.028261212471738642,SL,1,-0.061464850938534994,46.07329842594227,380.37999999999994,370.0,4103845272.3107595,2734883723.338765
DEEP_KRW,B,2025-07-28 00:00:00,264.528,2025-07-28 15:00:00,248.253,-0.06152467791689361,SL,1,-0.13052682513760364,49.28571428078572,264.528,249.0,1108865101.8621893,697676544.8883023
THE_KRW,B,2025-07-29 00:00:00,562.122,2025-07-29 15:00:00,553.335,-0.015631837928421093,SL,1,-0.07493391114384415,42.038216558635234,562.122,555.0,926602067.0875337,363879977.8941759
SUI_KRW,B,2025-07-29 00:00:00,5605.599999999999,2025-07-29 15:00:00,5264.73,-0.06080883402311972,SL,1,-0.09376337947766511,48.03921568601076,5605.599999999999,5270.0,25906385974.73584,11163865204.679123
REZ_KRW,B,2025-07-30 00:00:00,18.858839999999997,2025-07-30 15:00:00,18.802263479999997,-0.0030000000000000074,SL,1,-0.01160410714550824,45.66869296053483,18.858839999999997,19.54,2438008952.1209655,681062141.5629863
CYBER_KRW,B,2025-07-30 00:00:00,2418.828,2025-07-30 15:00:00,2356.641,-0.02570955851346185,SL,1,-0.047059154268100076,49.99999999941957,2418.828,2359.0,1410100609.6949549,2741975465.273522
CBK_KRW,B,2025-07-31 00:00:00,880.6339999999999,2025-07-31 15:00:00,877.9920979999999,-0.002999999999999954,SL,1,-0.08588585042140084,50.193050190337054,880.6339999999999,883.0,545843502.5624748,701641421.3913705
TFUEL_KRW,A,2025-07-31 00:00:00,50.750699999999995,2025-08-01 00:00:00,53.17677,0.023401837807163265,Trail,2,0.0,66.32860036800807,50.750699999999995,61.18,4393211436.067996,4080370391.1122437
GAME2_KRW,B,2025-07-31 15:00:00,5.1353599999999995,2025-08-01 00:00:00,5.10464,-0.0059820538384844765,SL,1,-0.07036702392821526,49.28631344247829,5.1353599999999995,5.12,446788759.6929809,766552891.8097044
BB_KRW,B,2025-07-31 15:00:00,152.456,2025-08-01 00:00:00,151.544,-0.005982053838484401,SL,1,-0.11449860943485327,51.85185184513032,152.456,152.0,392561394.12464297,454264610.9389704
RPL_KRW,B,2025-08-01 00:00:00,10851.66,2025-08-01 15:00:00,9945.075,-0.08354343943691556,SL,1,-0.17616290963778813,48.57142857130714,10851.66,9975.0,814496918.8695642,555703813.5736737
WOO_KRW,A,2025-08-01 00:00:00,98.62852999999998,2025-08-02 00:00:00,133.866,0.17813730707534645,Trail,2,0.0,65.54303476862637,98.62852999999998,153.0,49604676271.18104,13162936674.181236
MAGIC_KRW,A,2025-08-02 00:00:00,203.20299999999997,2025-08-03 00:00:00,230.769,0.06732872300113688,Trail,2,0.0,64.12213739772741,203.20299999999997,269.0,35751480460.304245,8926173040.003248
XPR_KRW,B,2025-08-02 00:00:00,6.572565999999999,2025-08-03 00:00:00,6.8513839999999995,0.019710741740744806,Trail,2,0.0,53.60050070431841,6.572565999999999,6.89,2519647913.752668,490190991.24411607
WOO_KRW,B,2025-08-02 15:00:00,133.13299999999998,2025-08-03 00:00:00,132.867,-0.0019980019980019316,SL,1,-0.13620214372094058,57.207054427667465,133.13299999999998,133.0,13162936674.181236,5790953958.295701
XPR_KRW,B,2025-08-03 00:00:00,6.910669999999999,2025-08-03 15:00:00,6.824465,-0.012474188465083526,SL,1,-0.014133217184440735,45.63247530306101,6.910669999999999,6.845,490190991.24411607,442990302.80877554
ORDER_KRW,B,2025-08-03 00:00:00,155.31,2025-08-03 15:00:00,154.99938,-0.002000000000000001,SL,1,-0.053505891442920624,49.34210525861322,155.31,156.0,872189549.9306481,1171866564.169016
TOKAMAK_KRW,B,2025-08-03 15:00:00,1925.9239999999998,2025-08-04 00:00:00,1922.076,-0.0019980019980018575,SL,1,-0.00774900774900762,38.8508891921424,1925.9239999999998,1924.0,6236796906.85582,4786633138.240445
GAME2_KRW,B,2025-08-03 15:00:00,5.144268,2025-08-04 00:00:00,5.118598,-0.004990019960079813,SL,1,-0.01618655948718075,50.040550932224065,5.144268,5.134,816512461.1063951,483879157.1759995
PENGU_KRW,B,2025-08-04 00:00:00,47.95790999999999,2025-08-04 15:00:00,47.90995208999999,-0.0010000000000000198,SL,1,-0.023310231826199013,48.553663133826674,47.95790999999999,50.3,77679815332.51077,56510337104.3668
MAGIC_KRW,A,2025-08-04 00:00:00,230.22999999999996,2025-08-05 00:00:00,327.672,0.21111881596664223,Trail,2,0.0,66.3999999962816,230.22999999999996,328.0,37657602470.045364,41951387593.823875
CKB_KRW,B,2025-08-04 15:00:00,7.654278000000001,2025-08-05 00:00:00,7.616083000000001,-0.004990019960079837,SL,1,-0.03387360636757653,44.560800152570934,7.654278000000001,7.639,818133559.9674314,580967374.5584334
ETH_KRW,B,2025-08-04 15:00:00,5078072.999999999,2025-08-05 00:00:00,5067927.0,-0.001998001998001815,SL,1,-0.017343783754191617,45.604395604395165,5078072.999999999,5073000.0,97591348400.46231,127493642476.35591
BLAST_KRW,B,2025-08-05 00:00:00,4.297854999999999,2025-08-05 15:00:00,4.1544989999999995,-0.03335524348773978,SL,1,-0.07349131136345902,48.41612646586545,4.297854999999999,4.167,786271716.4297929,690243046.8755809
MNT_KRW,B,2025-08-05 00:00:00,1152.1509999999998,2025-08-06 00:00:00,1227.771,0.03231687903755676,Trail,2,0.0,61.67763157752716,1152.1509999999998,1234.0,6309175207.47826,4564755874.202853
AZIT_KRW,A,2025-08-06 00:00:00,18.70869,2025-08-07 00:00:00,19.74024,0.027068739446749045,Trail,2,0.0,61.24999984687498,18.70869,21.37,34921408703.05505,4284381580.965035
RPL_KRW,B,2025-08-06 15:00:00,10560.55,2025-08-07 00:00:00,10528.9,-0.0029970029970029627,SL,1,-0.017096647428400915,58.22475570019297,10560.55,10550.0,2503369035.870907,1921167495.2597036
BITHUMB_KRW-AZIT,A,2025-08-06 00:00:00,18.70869,2025-08-07 15:00:00,19.67058,0.0961404702841299,Time,3,0.0,61.24999984687498,18.70869,19.71,34921408703.05505,1289099177.3653717
FLR_KRW,B,2025-08-07 00:00:00,31.514259999999997,2025-08-07 15:00:00,31.419717219999995,-0.003000000000000037,SL,1,-0.00045249356957760106,50.91575086352963,31.514259999999997,31.78,298639949.61250913,527449677.95136255
REZ_KRW,B,2025-08-07 00:00:00,17.555039999999998,2025-08-08 00:00:00,18.67381,0.030364638303302105,Trail,2,0.0,54.773869282509686,17.555039999999998,18.73,1802523959.0349102,370101703.92815125
ETH_KRW,B,2025-08-07 15:00:00,5292286.999999999,2025-08-08 00:00:00,5281713.0,-0.0019980019980018224,SL,1,-0.009312986994091416,57.83664459161089,5292286.999999999,5287000.0,129901095480.12085,163772818126.6337
UNI_KRW,B,2025-08-07 15:00:00,13927.8,2025-08-08 00:00:00,13886.1,-0.002994011976047826,SL,1,-0.012047846752538038,47.490347490219136,13927.8,13900.0,1274392554.335951,2377223737.2718115
BB_KRW,A,2025-08-08 00:00:00,149.14899999999997,2025-08-09 00:00:00,184.815,0.11906499875962975,Trail,2,0.0,67.37588651813289,149.14899999999997,193.0,25435048478.968033,3927759259.6313834
BITHUMB_KRW-BB,A,2025-08-08 00:00:00,149.14899999999997,2025-08-09 15:00:00,184.63,0.24607041903446514,Time,3,0.0,67.37588651813289,149.14899999999997,185.0,25435048478.968033,1083033231.7683055
BITHUMB_KRW-PENDLE,A,2025-08-08 15:00:00,7432.424999999999,2025-08-10 00:00:00,7682.31,0.0336209245300156,Time,3,-0.02050811141720223,68.1940700806052,6524.067857142856,7690.0,11661427346.961166,2016444989.0840256
COW_KRW,A,2025-08-09 15:00:00,640.6399999999999,2025-08-10 00:00:00,639.36,-0.0019980019980017786,SL,1,-0.10089910089910072,66.43598615595118,640.6399999999999,640.0,14272893169.322681,2857072254.6668444
BITHUMB_KRW-COW,A,2025-08-09 00:00:00,513.5129999999999,2025-08-10 15:00:00,583.83,0.1620639523383886,Time,3,0.0,66.43598615595118,513.5129999999999,585.0,14272893169.322681,1194376012.9463348
UPBIT_KRW-COW,A,2025-08-10 00:00:00,621.621,2025-08-11 15:00:00,588.411,-0.05342483603353174,Time,3,-0.1345208736513084,61.311475407277605,531.8267142857143,589.0,115147166082.6249,5336819614.917921
UPBIT_KRW-COMP,A,2025-08-10 00:00:00,76176.09999999999,2025-08-11 15:00:00,74201.3,-0.02592414156146073,Time,3,-0.08173298449251133,65.34382483746442,68778.09999999999,74350.0,39098883012.35291,1436629898.564172
UPBIT_KRW-RAY,A,2025-08-10 15:00:00,4165.160999999999,2025-08-12 00:00:00,4362.633,0.04741041222656236,Time,3,-0.008441690489275002,58.93491124227807,3078.603857142856,4367.0,185902948984.39383,46024993479.465225
POKT_KRW,A,2025-08-12 00:00:00,54.64459,2025-08-13 00:00:00,58.8411,0.037898220208075435,Trail,2,0.0,58.28656936715257,54.64459,66.77,28896418108.375996,9047977164.951906
XTZ_KRW,B,2025-08-12 15:00:00,1222.2209999999998,2025-08-13 00:00:00,1219.779,-0.0019980019980018185,SL,1,-0.04518086336268137,52.96803652855167,1222.2209999999998,1221.0,5540037840.38485,2993677903.2512336
BITHUMB_KRW-POKT,A,2025-08-12 00:00:00,54.64459,2025-08-13 15:00:00,54.58994541,0.1825657175107101,SL_Profit,3,-0.0075870273708706385,58.28656936715257,54.64459,58.9,28896418108.375996,4631923411.16228
KERNEL_KRW,B,2025-08-13 00:00:00,278.556,2025-08-13 15:00:00,277.99888799999997,-0.0020000000000000642,SL,1,-0.06302502907853352,52.3584905625801,278.556,289.0,969269922.2646474,1190983702.7952836
CRV_KRW,B,2025-08-13 00:00:00,1316.628,2025-08-13 15:00:00,1313.9947439999999,-0.0020000000000000564,SL,1,-0.03541471091302929,49.04051172561499,1316.628,1396.0,1133876384.5767398,1054102118.9313351
CKB_KRW,B,2025-08-13 15:00:00,7.887591999999999,2025-08-14 00:00:00,7.840408,-0.005982053838484393,SL,1,-0.0897095083011392,49.38358552611124,7.887591999999999,7.864,318986337.630909,628661410.4052404
HBAR_KRW,B,2025-08-13 15:00:00,358.35799999999995,2025-08-14 00:00:00,357.642,-0.0019980019980018627,SL,1,-0.05122810150743098,49.137931028552316,358.35799999999995,358.0,8629281833.99861,16707487919.396528
BOBA_KRW,A,2025-08-14 00:00:00,134.134,2025-08-15 00:00:00,138.861,0.017120439262230364,Trail,2,0.0,69.09090907332232,134.134,156.0,22016151942.882156,3341680389.493576
FIDA_KRW,B,2025-08-14 15:00:00,144.14399999999998,2025-08-15 00:00:00,143.856,-0.001998001998001877,SL,1,-0.05649905649905635,52.08333331814236,144.14399999999998,144.0,12032354683.43736,3390584881.7037253
BITHUMB_KRW-BOBA,A,2025-08-14 00:00:00,134.134,2025-08-15 15:00:00,138.583,0.0861783749299741,Time,3,0.0,69.09090907332232,134.134,139.0,22016151942.882156,695609251.5054877
IOTX_KRW,B,2025-08-15 00:00:00,40.77285,2025-08-15 15:00:00,40.28755,-0.011902528275555798,SL,1,-0.0304822939774874,48.97196257410546,40.77285,40.49,58913491.67894896,51681245.427131556
TOKAMAK_KRW,B,2025-08-15 00:00:00,1971.936,2025-08-15 15:00:00,1962.07632,-0.005000000000000013,SL,1,-0.011124093276860873,58.84543761485319,1971.936,1988.0,921311652.8486983,195637137.23715717
TON_KRW,B,2025-08-15 15:00:00,4743.187,2025-08-16 00:00:00,4714.813,-0.005982053838484503,SL,1,-0.022387268307152954,41.74589455437818,4743.187,4729.0,539803143.7931062,463646542.6551408
GLM_KRW,B,2025-08-15 15:00:00,357.714,2025-08-16 00:00:00,355.929,-0.004990019960079911,SL,1,-0.0243602430992357,53.63636362953719,357.714,357.0,1442199456.176308,669046452.655807
FLR_KRW,B,2025-08-16 00:00:00,31.7634,2025-08-17 00:00:00,33.7106,0.028151630492957297,Trail,2,0.0,69.44713860598839,31.7634,34.84,1584193263.1643476,184449468.05703816
BAT_KRW,B,2025-08-16 00:00:00,203.406,2025-08-17 00:00:00,223.552,0.048521646362447476,Trail,2,0.0,63.414634135514575,203.406,224.0,1546091907.9049304,1284195115.7076685
NMR_KRW,B,2025-08-16 15:00:00,12086.149999999998,2025-08-17 00:00:00,12037.95,-0.003988035892322791,SL,1,-0.005473206935210785,60.253164556748466,12086.149999999998,12050.0,281076244.0842492,10423111652.798561
HBAR_KRW,B,2025-08-17 00:00:00,349.349,2025-08-17 15:00:00,348.999651,-0.0010000000000000512,SL,1,-0.04966094077841926,56.09756096603212,349.349,354.0,2833871934.885913,4646204768.777081
FLR_KRW,B,2025-08-17 00:00:00,35.0142,2025-08-17 15:00:00,33.77836,-0.03529539443997016,SL,1,-0.061523610420915024,58.87096765885148,35.0142,33.88,184449468.05703816,603519668.6654217
AQT_KRW,B,2025-08-18 00:00:00,1542.541,2025-08-18 15:00:00,1539.4559179999999,-0.002000000000000037,SL,1,-0.03017164535659016,52.3076923058146,1542.541,1549.0,3125558798.5196724,941796078.3307743
XYO_KRW,B,2025-08-18 00:00:00,14.833799999999998,2025-08-18 15:00:00,14.188699999999999,-0.043488519462309014,SL,1,-0.045423290053795945,44.78632467914384,14.833799999999998,14.26,106311059.84007607,53424362.019362785
NFT_KRW,B,2025-08-19 00:00:00,0.0007034999999999999,2025-08-19 15:00:00,0.000597,-0.15138592750533042,SL,1,-0.14712153518123663,55.554691371467555,0.0007034999999999999,0.0006,78730871.03444806,12744735.589194901
GAS_KRW,B,2025-08-19 00:00:00,4502.988,2025-08-19 15:00:00,4482.512,-0.004547202879510353,SL,1,-0.020650288208629533,44.39692044429293,4502.988,4496.0,1783743581.3238332,739551885.9464947
FLR_KRW,B,2025-08-20 00:00:00,32.888369999999995,2025-08-20 15:00:00,32.2181,-0.020380152619299624,SL,1,-0.0665393268197845,55.83333324027776,32.888369999999995,32.38,241136779.01490638,179807076.226162
KERNEL_KRW,B,2025-08-20 00:00:00,279.279,2025-08-21 00:00:00,305.694,0.04679141825916028,Trail,2,0.0,60.49382715526597,279.279,314.0,5704703820.356146,2713332643.5313497
XPR_KRW,B,2025-08-21 00:00:00,8.285782999999999,2025-08-21 15:00:00,8.260925650999999,-0.002999999999999937,SL,1,-0.039680377823073425,49.44662000812998,8.285782999999999,8.6,440855862.0143869,448246606.00634605
KERNEL_KRW,B,2025-08-21 00:00:00,314.31399999999996,2025-08-21 15:00:00,306.693,-0.024246454182759856,SL,1,-0.05508504234618874,55.48780487331202,314.31399999999996,307.0,2713332643.5313497,6922245682.6743965
CRO_KRW,B,2025-08-22 00:00:00,198.59399999999997,2025-08-23 00:00:00,214.355,0.03818146066849958,Trail,2,0.0,53.26086955711248,198.59399999999997,215.0,647536417.3042169,598300476.1070664
RED_KRW,B,2025-08-22 00:00:00,537.608,2025-08-23 00:00:00,549.347,0.009417806282644593,Trail,2,0.0,47.11111110817975,537.608,551.0,496389619.57223845,503077022.37288654
BCH_KRW,B,2025-08-22 15:00:00,821820.9999999999,2025-08-23 00:00:00,820179.0,-0.0019980019980018566,SL,1,-0.016817530824838847,55.13784461152495,821820.9999999999,821000.0,4254518147.55933,3199937471.77096
IP_KRW,B,2025-08-23 00:00:00,8216.4,2025-08-23 15:00:00,8191.7508,-0.00299999999999998,SL,1,-0.01477532739399246,40.07352941155845,8216.4,8335.0,1371326212.7890081,721519753.3459674
CRO_KRW,B,2025-08-23 00:00:00,215.64499999999998,2025-08-23 15:00:00,213.358,-0.01060539312295661,SL,1,-0.01226552899441203,49.99999999186046,215.64499999999998,214.0,598300476.1070664,621657568.4797342
PENGU_KRW,B,2025-08-23 15:00:00,49.059009999999994,2025-08-24 00:00:00,48.960989999999995,-0.001998001998001962,SL,1,-0.047881316806025906,42.20226840307979,49.059009999999994,49.01,114784936924.82466,44291151225.784676
RPL_KRW,B,2025-08-23 15:00:00,11102.16,2025-08-24 00:00:00,11046.76,-0.004990019960079807,SL,1,-0.051535917335005066,45.859872611328655,11102.16,11080.0,1179598883.4512703,553571718.0800322
ENA_KRW,B,2025-08-24 00:00:00,1022.0209999999998,2025-08-24 15:00:00,972.027,-0.048916803079388595,SL,1,-0.13113331330765207,40.45643153409463,1022.0209999999998,973.0,45684834171.88159,61691707183.91461
XPR_KRW,B,2025-08-24 00:00:00,8.449441,2025-08-24 15:00:00,8.440991559,-0.000999999999999974,SL,1,-0.009283572723923364,46.382690897674486,8.449441,9.732,5887497036.783692,10805189376.60387
EPT_KRW,A,2025-08-25 00:00:00,6.352346,2025-08-25 15:00:00,6.345993654,-0.000999999999999984,SL,1,-0.0209916147514634,68.77217862247208,6.352346,7.784,21982857671.55063,5674520197.085429
BITHUMB_KRW-EPT,A,2025-08-25 00:00:00,6.352346,2025-08-26 00:00:00,6.345993654,0.11057663236317959,SL_Profit,2,-0.0209916147514634,68.77217862247208,6.352346,7.784,21982857671.55063,5674520197.085429
LDO_KRW,B,2025-08-25 15:00:00,1912.9109999999998,2025-08-26 00:00:00,1907.1779999999999,-0.0029970029970029697,SL,1,-0.07575417779499403,41.868512110219584,1912.9109999999998,1911.0,2176827723.9277406,1393020798.19335
GMX_KRW,B,2025-08-25 15:00:00,21728.1,2025-08-26 00:00:00,21511.9,-0.009950248756218772,SL,1,-0.05652127889691223,39.65744400519694,21728.1,21620.0,107724450.4991207,64038151.3736612
BITHUMB_KRW-CRO,A,2025-08-26 00:00:00,226.22599999999997,2025-08-27 00:00:00,285.714,0.22023155668604472,Trail,2,0.0,69.3430656863445,226.22599999999997,286.0,24673801520.339005,81996110127.9035
CRO_KRW,A,2025-08-26 00:00:00,226.22599999999997,2025-08-27 00:00:00,285.714,0.13097914032869792,Trail,2,0.0,69.3430656863445,226.22599999999997,286.0,24673801520.339005,81996110127.9035
UPBIT_KRW-CRO,A,2025-08-26 15:00:00,217.21699999999998,2025-08-27 15:00:00,282.717,0.24783724537477014,Trail,2,0.0,69.79865771156254,217.21699999999998,283.0,194422597192.61914,488979531433.2687
LPT_KRW,A,2025-08-27 00:00:00,8618.609999999999,2025-08-28 00:00:00,10769.22,0.12426547842401509,Trail,2,0.0,60.27164685893994,8618.609999999999,10780.0,37998850656.436134,44649980355.19303
CRO_KRW,B,2025-08-27 15:00:00,394.39399999999995,2025-08-28 00:00:00,393.606,-0.0019980019980018818,SL,1,-0.1252402419915109,84.5833333283993,394.39399999999995,394.0,81996110127.9035,175931821209.15555
BITHUMB_KRW-LPT,A,2025-08-27 00:00:00,8618.609999999999,2025-08-28 15:00:00,10779.21,0.24757096835469156,Time,3,0.0,60.27164685893994,8618.609999999999,10790.0,37998850656.436134,6806467725.303402
TREE_KRW,A,2025-08-28 00:00:00,434.43399999999997,2025-08-29 00:00:00,523.476,0.10198046883991588,Trail,2,0.0,54.8589341668714,434.43399999999997,550.0,51937819076.63881,11597505922.524305
BITHUMB_KRW-TREE,A,2025-08-28 00:00:00,434.43399999999997,2025-08-29 15:00:00,523.95,0.28098374337972765,Time,3,0.0,54.8589341668714,434.43399999999997,525.0,51937819076.63881,1849846153.9452338
UPBIT_KRW-ID,A,2025-08-28 15:00:00,224.224,2025-08-30 00:00:00,240.759,0.1271083227996493,Time,3,0.0,65.10067113482276,224.224,241.0,67257119819.25547,4207639323.1640196
MAV_KRW,B,2025-08-29 00:00:00,91.41131999999999,2025-08-30 00:00:00,94.30560000000001,0.01533108087707309,Trail,2,0.0,84.84931503594818,91.41131999999999,99.24,11812420968.847818,9189749193.470272
DRIFT_KRW,B,2025-08-29 15:00:00,867.8669999999998,2025-08-30 00:00:00,866.133,-0.0019980019980017794,SL,1,-0.058611515358920036,65.31531531325584,867.8669999999998,867.0,5763488069.1181,2264242235.3559933
SNX_KRW,B,2025-08-30 00:00:00,976.9219999999999,2025-08-30 15:00:00,970.125,-0.0069575667248766146,SL,1,-0.0214162440808989,48.52607709596516,976.9219999999999,975.0,210473606.51620612,173085558.0835703
SKL_KRW,B,2025-08-30 00:00:00,36.576539999999994,2025-08-31 00:00:00,42.3576,0.07852688444560374,Trail,2,0.0,49.89939636265166,36.576539999999994,49.71,38820470284.50312,21278452321.523373
BTT_KRW,B,2025-08-30 15:00:00,0.0010049999999999998,2025-08-31 00:00:00,0.000995,-0.009950248756218718,SL,1,-0.10447761194029836,49.99883336055492,0.0010049999999999998,0.001,122817888.45497778,176439078.0949153
RAY_KRW,B,2025-08-31 00:00:00,4774.7699999999995,2025-08-31 15:00:00,4765.22046,-0.0019999999999999957,SL,1,-0.04267640116696711,44.23352435507906,4774.7699999999995,4884.0,4021496163.7109647,1689789134.7312567
KERNEL_KRW,B,2025-08-31 00:00:00,266.26599999999996,2025-08-31 15:00:00,265.999734,-0.0009999999999998996,SL,1,-0.038555429532873005,50.62240663606343,266.26599999999996,290.0,3826599154.2385116,3378050326.9883003
UPBIT_KRW-IP,A,2025-08-30 15:00:00,8458.449999999999,2025-09-01 00:00:00,11078.91,0.26350722692354145,Time,3,0.0,69.62276637975185,8458.449999999999,11090.0,168930202367.49844,46334664223.29683
LRC_KRW,B,2025-08-31 15:00:00,154.154,2025-09-01 00:00:00,153.846,-0.0019980019980019507,SL,1,-0.1307393904796502,66.6666666537037,154.154,154.0,14763269769.565538,10989702944.032278
KSM_KRW,B,2025-08-31 15:00:00,21551.53,2025-09-01 00:00:00,21465.41,-0.003996003996003949,SL,1,-0.03672732283972409,49.307159353269014,21551.53,21530.0,4488408158.961139,482511206.5157439
SIX_KRW,B,2025-09-01 00:00:00,29.9289,2025-09-01 15:00:00,29.839113299999998,-0.003000000000000041,SL,1,-0.004306873957946935,50.4149376129027,29.9289,30.28,198274089.04804784,203647614.70570803
USDS_KRW,B,2025-09-01 00:00:00,1405.995,2025-09-01 15:00:00,1387.03,-0.013488668167383184,SL,1,-0.009953804956632058,44.28571427685714,1405.995,1394.0,12331178.190173948,6379346.8871325515
ZRX_KRW,B,2025-09-01 15:00:00,364.364,2025-09-02 00:00:00,363.272,-0.002997002997002955,SL,1,-0.05040014930124814,63.157894727534625,364.364,364.0,6012660264.319366,931593057.6061643
ENA_KRW,B,2025-09-02 00:00:00,881.8809999999999,2025-09-03 00:00:00,953.046,0.0398484143552249,Trail,2,0.0,55.88785046582724,881.8809999999999,954.0,72255160531.46805,53540686897.030754
BCH_KRW,B,2025-09-02 00:00:00,760759.9999999999,2025-09-03 00:00:00,810189.0,0.031986592355013485,Trail,2,0.0,56.96969696969375,760759.9999999999,811000.0,3816311945.4100995,5680988551.27998
UPBIT_KRW-AERGO,A,2025-09-02 15:00:00,141.141,2025-09-04 00:00:00,155.844,0.10749859107457899,Time,3,0.0,63.235294104628025,141.141,156.0,44489422164.05954,3422208378.8568983
SOON_KRW,B,2025-09-03 00:00:00,368.36799999999994,2025-09-04 00:00:00,380.61899999999997,0.01612875168309959,Trail,2,0.0,50.29940119338808,368.36799999999994,381.0,2804236506.770404,3468968489.880513
ENA_KRW,B,2025-09-03 00:00:00,954.954,2025-09-04 00:00:00,955.044,-0.00045287731136788354,Trail,2,0.0,60.33613445236184,954.954,1021.0,53540686897.030754,29866823539.603184
SOLV_KRW,B,2025-09-04 00:00:00,58.98344999999999,2025-09-04 15:00:00,58.68853274999999,-0.004999999999999958,SL,1,-0.00531420254325559,49.32855857738588,58.98344999999999,60.74,77034964.03009313,153117883.07133722
USDS_KRW,B,2025-09-04 00:00:00,1397.955,2025-09-04 15:00:00,1389.02,-0.006391478981798374,SL,1,-0.0013984713384908151,52.94117645968858,1397.955,1396.0,17923114.113431223,4601835.630364475
GNO_KRW,B,2025-09-04 15:00:00,184819.49999999997,2025-09-05 00:00:00,182980.5,-0.00995024875621875,SL,1,-0.01579649333538924,52.57731958761369,184819.49999999997,183900.0,92692642.19171807,26194760.45879336
NFT_KRW,B,2025-09-04 15:00:00,0.0007034999999999999,2025-09-05 00:00:00,0.0006965,-0.009950248756218841,SL,1,-0.14712153518123663,49.99912501531223,0.0007034999999999999,0.0007,13200770.60148705,16018986.956490982
GRACY_KRW,A,2025-09-05 00:00:00,26.496469999999995,2025-09-06 00:00:00,27.8721,0.025458740919073432,Trail,2,0.0,68.8872065886131,26.496469999999995,31.43,36745792780.80207,4824711243.615957
HOME_KRW,B,2025-09-05 15:00:00,56.27231999999999,2025-09-06 00:00:00,55.8792,-0.006986027944111709,SL,1,-0.03718204616408199,45.0980391943417,56.27231999999999,56.16,1227723361.8039691,188923054.6297007
FLOCK_KRW,B,2025-09-06 00:00:00,377.37699999999995,2025-09-06 15:00:00,376.99962299999993,-0.0010000000000000638,SL,1,-0.0009990009990008739,43.80952380855027,377.37699999999995,394.0,3555546544.3650784,4651923722.932385
BITHUMB_KRW-GRACY,A,2025-09-05 00:00:00,26.496469999999995,2025-09-07 00:00:00,27.8721,0.15480096327117232,Time,4,0.0,68.8872065886131,26.496469999999995,27.9,36745792780.80207,9201860276.929369
ENA_KRW,B,2025-09-06 00:00:00,919.9189999999999,2025-09-07 00:00:00,1030.968,0.05985803152234065,Trail,2,0.0,51.186943619114814,919.9189999999999,1036.0,101355663411.60216,44340875791.66669
BB_KRW,B,2025-09-06 15:00:00,197.59099999999998,2025-09-07 00:00:00,196.409,-0.005982053838484486,SL,1,-0.018173904681893307,41.12149532172242,197.59099999999998,197.0,550868851.9744606,739666241.1004163
BITHUMB_KRW-WLD,A,2025-09-07 00:00:00,1280.2789999999998,2025-09-08 00:00:00,1481.517,0.14526849041721163,Trail,2,0.0,62.47723132809712,1280.2789999999998,1483.0,104694705529.68922,458534797958.4089
WLD_KRW,A,2025-09-07 00:00:00,1280.2789999999998,2025-09-08 00:00:00,1481.517,0.07809146326699112,Trail,2,0.0,62.47723132809712,1280.2789999999998,1483.0,104694705529.68922,458534797958.4089
ENA_KRW,B,2025-09-07 15:00:00,1032.031,2025-09-08 00:00:00,1029.969,-0.0019980019980018996,SL,1,-0.008750706131889401,54.67511885774097,1032.031,1031.0,44340875791.66669,75174824582.84567
ARKM_KRW,A,2025-09-08 00:00:00,696.6959999999999,2025-09-09 00:00:00,785.214,0.0630269902511283,Trail,2,0.0,59.93485341746226,696.6959999999999,786.0,5000812979.065601,27640529276.98391
BITHUMB_KRW-ARKM,A,2025-09-08 00:00:00,696.6959999999999,2025-09-09 00:00:00,777.4360714285715,0.12193409915207962,Trail,2,0.0,59.93485341746226,696.6959999999999,786.0,5000812979.065601,27640529276.98391
UPBIT_KRW-ARKM,A,2025-09-08 15:00:00,690.6899999999999,2025-09-10 00:00:00,901.098,0.22345023609930437,Time,3,0.0,66.57681940449575,690.6899999999999,902.0,56844455267.03143,20812254068.433743
KAITO_KRW,A,2025-09-09 00:00:00,1450.4489999999998,2025-09-10 00:00:00,1748.25,0.10215821135386362,Trail,2,0.0,69.15760869433667,1450.4489999999998,1750.0,62333809002.19172,33464829447.75176
BITHUMB_KRW-KAITO,A,2025-09-09 00:00:00,1450.4489999999998,2025-09-10 15:00:00,1796.202,0.2167173877586478,Time,3,0.0,69.15760869433667,1450.4489999999998,1798.0,62333809002.19172,14589596181.538355
UPBIT_KRW-KAITO,A,2025-09-10 00:00:00,1801.7999999999997,2025-09-11 00:00:00,1752.246,0.06834054516911663,SL_Profit,2,-0.07758907758907745,66.77927927822645,1801.7999999999997,1754.0,342233940652.2764,59485019380.6684
MNT_KRW,A,2025-09-10 15:00:00,2027.0249999999999,2025-09-11 00:00:00,2022.975,-0.001998001998001976,SL,1,-0.022212355545688813,67.8173719365819,2027.0249999999999,2025.0,13041111511.712397,22711180123.465782
BITHUMB_KRW-MNT,A,2025-09-10 00:00:00,1749.7479999999998,2025-09-11 15:00:00,2237.76,0.2193762303404344,Time,3,0.0,67.8173719365819,1749.7479999999998,2240.0,13041111511.712397,6062336435.841758
F_KRW,A,2025-09-11 00:00:00,9.504494999999999,2025-09-12 00:00:00,11.43855,0.10124422733664447,Trail,2,0.0,62.84461134506588,9.504494999999999,11.45,52449854050.86868,56669025970.392876
CRO_KRW,B,2025-09-11 15:00:00,356.35599999999994,2025-09-12 00:00:00,355.644,-0.001998001998001808,SL,1,-0.012223731324854747,33.725490194226836,356.35599999999994,356.0,5409402237.604419,2173221183.162773
BITHUMB_KRW-F,A,2025-09-11 00:00:00,9.504494999999999,2025-09-12 15:00:00,12.93705,0.2987652871840415,Time,3,0.0,62.84461134506588,9.504494999999999,12.95,52449854050.86868,154082365545.5379
NMR_KRW,B,2025-09-12 00:00:00,27247.219999999998,2025-09-12 15:00:00,25134.84,-0.07752644122960058,SL,1,-0.10559682785986967,55.94040968339728,27247.219999999998,25160.0,18782295915.316284,12533580745.56411
PYTH_KRW,B,2025-09-12 00:00:00,247.24699999999999,2025-09-12 15:00:00,246.506,-0.0029970029970029385,SL,1,-0.03335530865895233,31.645569617449127,247.24699999999999,247.0,2979845528.837021,1764079756.2293217
LINK_KRW,B,2025-09-12 15:00:00,34244.21,2025-09-13 00:00:00,34175.79,-0.0019980019980019473,SL,1,-0.009175565737974366,59.65608465597418,34244.21,34210.0,15403880848.521498,15708003099.325869
RLC_KRW,B,2025-09-12 15:00:00,1754.2469999999998,2025-09-13 00:00:00,1743.753,-0.005982053838484498,SL,1,-0.009261523605284686,51.3872135093855,1754.2469999999998,1749.0,504291612.807318,337717467.0932685
AERO_KRW,B,2025-09-13 00:00:00,1746.2229999999997,2025-09-13 15:00:00,1733.29,-0.00740627056223619,SL,1,-0.0659841268841378,65.0246305403771,1746.2229999999997,1742.0,381144099.73582786,178442951.2532118
ETH_KRW,B,2025-09-13 00:00:00,6337330.999999999,2025-09-14 00:00:00,6382611.0,0.00307248185395403,Trail,2,0.0,67.20338983050769,6337330.999999999,6485000.0,177312832601.91904,95754880002.34344
ARB_KRW,B,2025-09-13 15:00:00,755.7549999999999,2025-09-14 00:00:00,754.245,-0.001998001998001836,SL,1,-0.06848118768648555,67.23163841276133,755.7549999999999,755.0,3117994070.173175,2327215515.69778
RAY_KRW,B,2025-09-13 15:00:00,4945.793,2025-09-14 00:00:00,4921.138,-0.0049850448654037375,SL,1,-0.055358766531474264,54.52462772006681,4945.793,4931.0,712367296.0351863,848526956.4609442
OBT_KRW,A,2025-09-14 00:00:00,7.8268189999999995,2025-09-14 15:00:00,7.818992181,-0.0009999999999999911,SL,1,-0.00981484304159832,68.6535262500239,7.8268189999999995,9.2,10014688049.681326,2817341502.3925757
BITHUMB_KRW-OBT,A,2025-09-14 00:00:00,7.8268189999999995,2025-09-15 00:00:00,7.818992181,0.09589807497601686,SL_Profit,2,-0.00981484304159832,68.6535262500239,7.8268189999999995,9.2,10014688049.681326,2817341502.3925757
MAV_KRW,B,2025-09-14 15:00:00,98.79719999999999,2025-09-15 00:00:00,98.4028,-0.003992015968063775,SL,1,-0.047948727291866444,55.870287150181994,98.79719999999999,98.6,1091634128.184591,1064141692.182383
BITHUMB_KRW-MAV,B,2025-09-14 15:00:00,98.79719999999999,2025-09-17 00:00:00,93.77207999999999,-0.05086297992250794,Time,5,-0.07608717655965948,55.870287150181994,83.64519999999999,93.96,1091634128.184591,1217042764.4944296
UPBIT_KRW-POL,B,2025-09-15 00:00:00,378.378,2025-09-17 00:00:00,352.525122,-0.06832553161124584,SL,4,-0.08028479457050883,46.601941741238576,352.878,359.0,7724386445.553455,8794052299.209385
UPBIT_KRW-FLOW,B,2025-09-15 00:00:00,579.156,2025-09-17 15:00:00,559.878,-0.03328636843959125,Time,5,-0.05379552314056999,46.666666662707065,542.0559999999999,561.0,1886095038.316063,1511160963.0900848
MAV_KRW,B,2025-09-18 00:00:00,101.202,2025-09-18 15:00:00,100.898394,-0.00300000000000002,SL,1,-0.02373470880022135,49.99999998173278,101.202,104.0,1464514849.2699485,798950812.8600523
BITHUMB_KRW-MAV,B,2025-09-18 00:00:00,101.202,2025-09-20 15:00:00,100.697,-0.004990019960079795,Time,5,-0.040532795794549555,49.99999998173278,87.702,101.0,1464514849.2699485,459101611.4295176
UPBIT_KRW-LINK,B,2025-09-18 15:00:00,33283.24999999999,2025-09-21 00:00:00,32707.26,-0.017305701816979845,Time,5,-0.034649560965350226,68.4824902722492,31450.249999999993,32740.0,29260496222.062603,11437120750.16162
BITHUMB_KRW-LINK,B,2025-09-18 15:00:00,33833.799999999996,2025-09-21 00:00:00,32697.27,-0.033591556372621324,Time,5,-0.045333364859991954,59.081196581108216,31891.799999999996,32730.0,15097428113.93773,3356766734.489273
BITHUMB_KRW-NMR,B,2025-09-20 15:00:00,24248.4,2025-09-21 15:00:00,20302.0776,-0.16274568218934035,SL,2,-0.17726530410253877,38.47560975606472,20322.4,23300.0,1619331924.912261,3710873504.422509
USDS_KRW,B,2025-09-22 00:00:00,1406.9999999999998,2025-09-22 15:00:00,1399.9649999999997,-0.005000000000000059,SL,1,-0.004264392324093656,60.78431370880431,1406.9999999999998,1410.0,17748032.33321268,15069848.299171578
BITHUMB_KRW-USDS,B,2025-09-22 00:00:00,1406.9999999999998,2025-09-23 00:00:00,1399.9649999999997,-0.001181236673774012,SL,2,-0.004264392324093656,60.78431370880431,1406.9999999999998,1410.0,17748032.33321268,15069848.299171578
XPR_KRW,B,2025-09-23 00:00:00,8.755476,2025-09-23 15:00:00,8.729209572,-0.00299999999999995,SL,1,-0.07475047615914873,46.21464199375831,8.755476,8.902,871526388.2659441,221210034.8359633
UPBIT_KRW-ZRO,B,2025-09-22 15:00:00,2786.7839999999997,2025-09-25 00:00:00,3061.935,0.08611295600950783,Time,5,-0.05590099555616785,49.38271604867144,2786.7839999999997,3065.0,4454337515.705995,5061600434.495084
BITHUMB_KRW-XPR,B,2025-09-23 00:00:00,8.755476,2025-09-25 15:00:00,8.372805999999999,-0.04370636159587451,Time,5,-0.08628611397027412,46.21464199375831,7.998876,8.398,871526388.2659441,237550670.88132596
UPBIT_KRW-PUNDIX,B,2025-09-23 15:00:00,420.41999999999996,2025-09-26 00:00:00,431.136,0.04652081252081258,Time,5,0.0,40.29850745847627,420.41999999999996,432.0,11816990340.737495,875338353.9338503
SOON_KRW,B,2025-09-26 00:00:00,486.48599999999993,2025-09-26 15:00:00,474.525,-0.024586524586524498,SL,1,-0.04622126844349053,47.91666666317274,486.48599999999993,475.0,3134331592.3039136,3004510507.974736
BITHUMB_KRW-SOON,B,2025-09-25 00:00:00,496.4959999999999,2025-09-27 15:00:00,467.064,-0.059279430247172,Time,5,-0.09969063194869633,46.93877550685131,438.39599999999996,468.0,5492507321.816873,1677123268.6041923
BITHUMB_KRW-H,B,2025-09-27 00:00:00,77.23715999999999,2025-09-28 00:00:00,73.29663000000001,0.12341939320399686,SL_Profit,2,-0.11545168154810452,42.76905176732093,77.23715999999999,73.37,22430153617.554523,59870452011.78899
BITHUMB_KRW-KAIA,B,2025-09-26 00:00:00,220.21999999999997,2025-09-28 15:00:00,218.781,-0.006534374716192738,Time,5,-0.019162655526291757,49.9999999875,204.91999999999996,219.0,16083299047.210135,8407001940.036236
H_KRW,B,2025-09-28 00:00:00,73.44337,2025-09-29 00:00:00,104.895,0.2136216422939197,Trail,2,0.0,61.92973692251901,73.44337,111.0,59870452011.78899,25306009098.407974
PEAQ_KRW,B,2025-09-28 15:00:00,139.695,2025-09-29 00:00:00,138.722,-0.006965174129353125,SL,1,-0.012133576720712934,41.66666666292735,139.695,139.0,193934822.91369203,888863785.2398287
H_KRW,B,2025-09-29 00:00:00,111.11099999999999,2025-09-29 15:00:00,105.894,-0.04695304695304682,SL,1,-0.12501912501912496,70.06687387227149,111.11099999999999,106.0,25306009098.407974,8711802478.056087
BITHUMB_KRW-PEAQ,B,2025-09-28 00:00:00,136.67999999999998,2025-09-30 15:00:00,141.574,0.03580626280362917,Time,5,-0.026924202516827474,41.66666666292735,99.17999999999998,142.0,193934822.91369203,416703272.671837
AVL_KRW,A,2025-09-30 00:00:00,233.23299999999998,2025-10-01 00:00:00,313.686,0.17197344929748362,Trail,2,0.0,58.928571424888396,233.23299999999998,314.0,30322449882.029743,33006191431.09963
BITHUMB_KRW-NMR,B,2025-09-29 00:00:00,23643.62,2025-10-01 15:00:00,23956.02,0.013212866726838,Time,5,-0.04287076175306485,52.332089552170466,20342.62,23980.0,2527054280.4200835,2160278798.479961
BITHUMB_KRW-AVL,A,2025-09-30 15:00:00,314.31399999999996,2025-10-02 00:00:00,359.64,0.20768185454218213,Time,3,-0.01690666021876202,58.928571424888396,314.31399999999996,360.0,30322449882.029743,9358854405.332895
NMR_KRW,B,2025-10-01 00:00:00,22912.889999999996,2025-10-02 00:00:00,23826.15,0.01942895701938966,Trail,2,0.0,49.455676516275865,22912.889999999996,23980.0,2033811966.5869153,2160278798.479961
C98_KRW,A,2025-10-02 00:00:00,68.40834,2025-10-03 00:00:00,88.68123,0.14767557332921688,Trail,2,0.0,63.453280010538336,68.40834,88.77,35787228008.56368,24584904705.471424
BITHUMB_KRW-C98,A,2025-10-02 00:00:00,68.40834,2025-10-03 15:00:00,90.17972999999999,0.2985462378459368,Time,3,0.0,63.453280010538336,68.40834,90.27,35787228008.56368,11956959132.20704
BITHUMB_KRW-NMR,B,2025-10-01 15:00:00,24003.979999999996,2025-10-04 00:00:00,24470.96,0.019454273832922843,Time,5,-0.026411453433972033,49.455676516275865,20530.979999999996,24520.0,2033811966.5869153,1563763137.5254836
BITHUMB_KRW-CELO,A,2025-10-03 00:00:00,411.41099999999994,2025-10-04 15:00:00,472.527,0.15076481443478323,Time,3,0.0,61.728395058172026,411.41099999999994,473.0,7000839140.355384,22144839290.656826
UPBIT_KRW-CELO,A,2025-10-03 15:00:00,420.41999999999996,2025-10-05 00:00:00,474.525,0.1421182389039532,Time,3,0.0,67.82945736066041,420.41999999999996,475.0,81795998399.94594,165457677617.35962
FLOKI_KRW,A,2025-10-04 15:00:00,0.14634619999999998,2025-10-05 00:00:00,0.14605379999999998,-0.001998001998001986,SL,1,-0.022864959937463316,57.37950597420055,0.14634619999999998,0.1462,18717310688.47315,5284760448.097276
BITHUMB_KRW-FLOKI,A,2025-10-04 00:00:00,0.12312299999999998,2025-10-05 15:00:00,0.1466062,0.17441981421598152,Time,3,0.0,57.37950597420055,0.12312299999999998,0.1469,18717310688.47315,1527106288.8119376
ROA_KRW,A,2025-10-05 00:00:00,13.613599999999998,2025-10-06 00:00:00,16.983,0.12325124875124889,Trail,2,0.0,67.00274968487273,13.613599999999998,18.78,40433935623.014175,10547411477.176012
BITHUMB_KRW-ROA,A,2025-10-05 00:00:00,13.613599999999998,2025-10-06 15:00:00,17.06292,0.26804959746136237,Time,3,0.0,67.00274968487273,13.613599999999998,17.08,40433935623.014175,6157926018.728677
WNCG_KRW,A,2025-10-06 15:00:00,24.724699999999995,2025-10-07 00:00:00,24.6753,-0.0019980019980017963,SL,1,-0.12395297010681608,68.93523589845299,24.724699999999995,24.7,20808063668.94993,3797728963.395461
BITHUMB_KRW-WNCG,A,2025-10-06 00:00:00,20.570549999999997,2025-10-07 15:00:00,22.125660000000003,0.12811240532147752,Time,3,0.0,68.93523589845299,20.570549999999997,22.17,20808063668.94993,1133154537.543182
BITHUMB_KRW-DRIFT,B,2025-10-05 15:00:00,1353.3519999999999,2025-10-08 00:00:00,1239.516,-0.08411411074132953,Time,5,-0.11848506523062727,59.06480721835364,1122.1519999999998,1242.0,3302131247.274423,817646314.4063202
API3_KRW,A,2025-10-07 00:00:00,1147.146,2025-10-08 00:00:00,1253.745,0.045962699604060825,Trail,2,0.0,67.60563380091251,1147.146,1343.0,15645924866.966545,8327210100.518491
BITHUMB_KRW-API3,A,2025-10-07 15:00:00,1344.3429999999998,2025-10-08 15:00:00,1213.4683425714286,-0.09735213217800165,SL,2,-0.1237355347556389,67.60563380091251,1215.9001428571428,1258.0,15645924866.966545,1245215783.346378
BERA_KRW,B,2025-10-09 00:00:00,3970.9669999999996,2025-10-09 15:00:00,3897.19,-0.01857910176538853,SL,1,-0.0934198143676338,54.2809177388025,3970.9669999999996,3905.0,2322470413.148425,1983880072.3981652
UPBIT_KRW-AWE,B,2025-10-09 00:00:00,143.14299999999997,2025-10-10 00:00:00,110.83205699999998,-0.22572492542422612,SL,2,-0.2524957559922593,47.82608695069943,110.94299999999998,140.0,3718133814.1396995,4224323345.5138955
UPBIT_KRW-NEAR,B,2025-10-09 15:00:00,4278.273999999999,2025-10-10 00:00:00,3974.6953259999996,-0.07095821212012132,SL,1,-0.16087655909836526,58.90718562812523,3978.6739999999995,4204.0,7263423869.654304,81915903707.4972
BITHUMB_KRW-BERA,B,2025-10-09 15:00:00,3908.9049999999997,2025-10-10 15:00:00,3494.906595,-0.10591160567985147,SL,2,-0.6866130028742065,54.2809177388025,3498.4049999999997,4079.0,2322470413.148425,8623165575.635569
BITHUMB_KRW-SNX,B,2025-10-11 00:00:00,2007.0049999999999,2025-10-11 15:00:00,1582.828,-0.21134825274476143,SL,1,-0.30294144757985153,48.461538461137,1603.6049999999998,1586.0,6145417766.262413,1008702249.8407989
SNX_KRW,B,2025-10-11 00:00:00,2007.0049999999999,2025-10-11 15:00:00,1582.828,-0.21134825274476143,SL,1,-0.30294144757985153,48.461538461137,2007.0049999999999,1586.0,6145417766.262413,1008702249.8407989
SUN_KRW,B,2025-10-12 00:00:00,36.910399999999996,2025-10-13 00:00:00,36.938849999999995,-0.001114607265161095,Trail,2,0.0,47.47826075396598,36.910399999999996,37.05,756969895.8693061,496139976.41633105
BITHUMB_KRW-PUNDIX,B,2025-10-12 15:00:00,461.37999999999994,2025-10-13 15:00:00,459.99585999999994,0.03719244440591272,SL_Profit,2,-0.011660670163422643,49.01960783640907,461.37999999999994,493.0,356104351.05330104,655379056.97132
SUN_KRW,B,2025-10-13 00:00:00,37.16114999999999,2025-10-13 15:00:00,37.04966654999999,-0.0030000000000000404,SL,1,-0.030439047230777068,59.844054417579635,37.16114999999999,37.45,496139976.41633105,317758438.7654303
PUNDIX_KRW,B,2025-10-13 15:00:00,493.986,2025-10-14 00:00:00,491.521,-0.00499001996007979,SL,1,-0.07689691610693418,64.61538460842604,493.986,493.0,1274954923.789789,655379056.97132
BITHUMB_KRW-SUN,B,2025-10-12 00:00:00,36.910399999999996,2025-10-14 15:00:00,36.14835,-0.02064594260696159,Time,5,-0.02385235597555146,47.47826075396598,34.270399999999995,36.33,756969895.8693061,106984796.78319691
BITHUMB_KRW-CTK,B,2025-10-13 15:00:00,553.656,2025-10-16 00:00:00,542.457,0.04920116823442716,SL_Profit,5,-0.04995159449188657,63.60294117319691,553.656,543.0,360614214.77702427,2630765919.5449076
UPBIT_KRW-PUNDIX,B,2025-10-14 00:00:00,496.4959999999999,2025-10-16 15:00:00,467.532,-0.05833682446585661,Time,5,-0.09969063194869633,57.777777774781896,444.89599999999996,468.0,11174065592.942364,3351160377.006695
UPBIT_KRW-SYRUP,A,2025-10-15 00:00:00,681.6809999999999,2025-10-16 15:00:00,654.345,-0.04010086829470075,Time,3,-0.1154220229110096,68.29896906970055,589.1095714285714,655.0,12290023471.127459,2155975376.9295206
BITHUMB_KRW-LA,B,2025-10-16 00:00:00,566.5659999999999,2025-10-18 15:00:00,565.999434,0.08284274735864851,SL_Profit,5,-0.05747962285064745,62.10526315560664,566.5659999999999,587.0,9841221478.396437,6349864955.348701
TDROP_KRW,A,2025-10-18 15:00:00,1.9619599999999997,2025-10-19 00:00:00,1.95804,-0.001998001998001846,SL,1,-0.15441701155986856,61.52980780492991,1.9619599999999997,1.96,36489740034.177475,30735517247.716293
UPBIT_KRW-PUNDIX,B,2025-10-17 00:00:00,458.45799999999997,2025-10-19 15:00:00,526.473,0.13817769784800346,Time,5,-0.044623498771970325,49.458483752012924,458.45799999999997,527.0,3351160377.006695,6191000719.538689
BITHUMB_KRW-TDROP,A,2025-10-18 00:00:00,1.460459,2025-10-19 15:00:00,1.7492489999999998,0.23218962115921868,Time,3,0.0,61.52980780492991,1.460459,1.751,36489740034.177475,3982168350.5840297
GRACY_KRW,A,2025-10-19 15:00:00,21.201179999999997,2025-10-20 00:00:00,21.15882,-0.0019980019980019334,SL,1,-0.12033198152178318,47.74494551567423,21.201179999999997,21.18,18144207953.591602,3594171695.8308506
BITHUMB_KRW-GRACY,A,2025-10-19 00:00:00,17.8178,2025-10-20 15:00:00,17.7821644,0.10650047624927243,SL_Profit,3,-0.05487770656309974,47.74494551567423,17.8178,18.85,18144207953.591602,1285711481.0880318
AUCTION_KRW,A,2025-10-20 00:00:00,10740.73,2025-10-21 00:00:00,12167.82,0.06593356643356647,Trail,2,0.0,60.567970204762766,10740.73,14520.0,39479451103.4657,20136872015.455814
BITHUMB_KRW-AUCTION,A,2025-10-20 15:00:00,14534.519999999999,2025-10-21 15:00:00,11646.590322857142,-0.19869453391944533,SL,2,-0.23836494084427962,60.567970204762766,11658.24857142857,12180.0,39479451103.4657,14431627248.595892
UPBIT_KRW-AUCTION,A,2025-10-21 00:00:00,14684.669999999998,2025-10-21 15:00:00,11970.758687142854,-0.18481255028932517,SL,1,-0.2161894002384799,60.50347222214869,11982.741428571426,14670.0,268044762467.54575,83312202323.68904
BITHUMB_KRW-PUNDIX,B,2025-10-19 15:00:00,530.058,2025-10-22 00:00:00,527.942,-0.003992015968063845,Time,5,-0.07557286183776114,68.78306877797374,471.158,529.0,1350727758.9722085,1123440732.52413
GRND_KRW,A,2025-10-22 00:00:00,39.219179999999994,2025-10-23 00:00:00,49.030919999999995,0.1245885408618946,Trail,2,0.0,49.30822441620618,39.219179999999994,49.08,17102893782.11173,7081769703.615929
BITHUMB_KRW-GRND,A,2025-10-22 00:00:00,39.219179999999994,2025-10-23 15:00:00,50.639309999999995,0.3126099921736544,Time,3,0.0,49.30822441620618,39.219179999999994,50.69,17102893782.11173,14575040807.269579
MERL_KRW,B,2025-10-23 00:00:00,534.5989999999999,2025-10-23 15:00:00,521.954,-0.023653242897947777,SL,1,-0.02169663617028826,53.06122448790087,534.5989999999999,523.0,673238408.74899,1764266340.525
DBR_KRW,B,2025-10-23 15:00:00,48.4968,2025-10-24 00:00:00,48.158,-0.006986027944111758,SL,1,-0.07148512891572226,45.08805430445082,48.4968,48.4,811273415.2346685,179222863.6503122
BITHUMB_KRW-DBR,B,2025-10-23 15:00:00,48.4968,2025-10-24 15:00:00,39.9166896,-0.17692116593259766,SL,2,-0.1811830883687171,45.08805430445082,40.0368,45.37,811273415.2346685,498917363.0328925
BITHUMB_KRW-MERL,B,2025-10-22 15:00:00,533.5329999999999,2025-10-25 00:00:00,583.416,0.13191120980333002,Time,5,-0.05722795028611146,51.485148513067344,533.5329999999999,584.0,2685706862.604937,3820047509.9560494
APE_KRW,A,2025-10-24 00:00:00,605.208,2025-10-25 00:00:00,665.666,0.04894811701101116,Trail,2,0.0,39.6984924613806,605.208,710.0,1688532869.159799,812480397.5636984
UPBIT_KRW-VIRTUAL,A,2025-10-25 00:00:00,1496.495,2025-10-26 15:00:00,1968.03,0.25530364976638276,Time,3,-0.03040103709000023,68.10982048473755,1496.495,1970.0,79584109329.16946,233352473310.34787
BITHUMB_KRW-MERL,B,2025-10-25 00:00:00,584.584,2025-10-27 15:00:00,607.782,0.039682919819906286,Time,5,-0.1156104169802799,48.43304843111663,501.68399999999997,609.0,3820047509.9560494,1824889151.6136024
BITHUMB_KRW-ORDER,B,2025-10-25 15:00:00,421.42099999999994,2025-10-28 00:00:00,373.252,-0.11430137558403576,Time,5,-0.17659537612031662,58.80829015330747,325.52099999999996,374.0,7316946145.232017,1670167267.9624228
UPBIT_KRW-AKT,A,2025-10-26 15:00:00,954.954,2025-10-28 00:00:00,1129.869,0.21342561616281291,Time,3,0.0,53.37837837736851,954.954,1131.0,181125250956.45697,91311283712.14793
UPBIT_KRW-ME,A,2025-10-27 15:00:00,671.6709999999999,2025-10-29 00:00:00,702.297,0.0455967281600666,Time,3,0.0,53.52112675792501,581.5424285714284,703.0,110324719599.0614,26065301687.232357
PUFFER_KRW,A,2025-10-28 00:00:00,134.134,2025-10-29 00:00:00,162.837,0.10649375251614064,Trail,2,0.0,69.92481202271469,134.134,203.0,27641562225.38404,17845180625.43712
BITHUMB_KRW-PUFFER,A,2025-10-28 00:00:00,134.134,2025-10-29 15:00:00,162.837,0.2650675454609357,Time,3,0.0,69.92481202271469,134.134,163.0,27641562225.38404,5609995101.082992
DBR_KRW,B,2025-10-29 00:00:00,42.7427,2025-10-30 00:00:00,52.63731,0.11524619759631473,Trail,2,0.0,52.867663451458434,42.7427,52.69,12026545258.972322,11188427016.112753
DBR_KRW,B,2025-10-30 00:00:00,52.74268999999999,2025-10-30 15:00:00,52.68994730999999,-0.001000000000000044,SL,1,-0.06603170979713002,55.56490635855441,52.74268999999999,55.87,11188427016.112753,4067811416.831086
MORPHO_KRW,B,2025-10-30 15:00:00,2936.862,2025-10-31 00:00:00,2925.138,-0.0039920159680639266,SL,1,-0.02821446836793832,50.24783147416142,2936.862,2931.0,1021109683.8822576,880652880.3819462
BITHUMB_KRW-DBR,B,2025-10-29 00:00:00,42.7427,2025-10-31 15:00:00,50.20892,0.20506847134130507,Time,5,0.0,52.867663451458434,42.7427,50.36,12026545258.972322,498155666.28295296
BITHUMB_KRW-MORPHO,B,2025-10-29 15:00:00,2954.8379999999997,2025-11-01 00:00:00,2984.021,0.009876345166807944,Time,5,-0.03412640557621086,49.5721271389401,2556.8379999999997,2993.0,614803238.1275625,606959916.0800543
UPBIT_KRW-USD1,B,2025-10-31 00:00:00,1516.5149999999999,2025-11-01 00:00:00,1476.8710549999998,-0.026141478983063165,SL,2,-0.024078231999023997,45.51724137491558,1481.3149999999998,1497.0,4544408427.589538,478846486.0533426
BITHUMB_KRW-ZK,A,2025-11-01 00:00:00,44.334289999999996,2025-11-02 00:00:00,57.97197,0.26883164761245915,Trail,2,0.0,54.218487369443395,44.334289999999996,58.03,2974727178.2431607,67767596297.42519
ZK_KRW,A,2025-11-01 00:00:00,44.334289999999996,2025-11-02 00:00:00,57.97197,0.1533051021004284,Trail,2,0.0,54.218487369443395,44.334289999999996,58.03,2974727178.2431607,67767596297.42519
DBR_KRW,B,2025-11-02 00:00:00,48.476760000000006,2025-11-02 15:00:00,48.203399999999995,-0.005638990724627861,SL,1,-0.07172013971230762,47.93388428365549,48.476760000000006,48.3,1519995839.082685,1681027912.5628905
BAT_KRW,B,2025-11-02 15:00:00,271.542,2025-11-03 00:00:00,270.187,-0.004990019960079698,SL,1,-0.016726694213049818,38.405797097553034,271.542,271.0,884971517.8755057,731723035.1101621
BITHUMB_KRW-DBR,B,2025-11-01 15:00:00,48.52514,2025-11-04 00:00:00,46.28074,-0.04625231374912053,Time,5,-0.1301416131926667,46.95669933297806,36.959140000000005,46.42,498155666.28295296,365751838.3112799
BITHUMB_KRW-BAT,B,2025-11-03 00:00:00,271.813,2025-11-04 00:00:00,271.541187,0.05762136836722297,SL_Profit,2,-0.021386026422577243,47.36842104764543,271.813,280.0,731723035.1101621,3236022527.9070554
UPBIT_KRW-BAT,B,2025-11-02 00:00:00,285.28499999999997,2025-11-04 15:00:00,284.999715,0.04925027603974973,SL_Profit,5,-0.06759906759906749,41.93548386623309,285.28499999999997,299.0,8376933044.74533,14734994467.726795
USDS_KRW,B,2025-11-04 00:00:00,1493.4299999999998,2025-11-04 15:00:00,1485.96285,-0.004999999999999965,SL,1,-0.011001519990893337,66.37931033681629,1493.4299999999998,1501.0,23124147.543867245,21312890.36351159
BITHUMB_KRW-USDS,B,2025-11-04 00:00:00,1493.4299999999998,2025-11-05 00:00:00,1485.96285,0.004660646967049049,SL_Profit,2,-0.011001519990893337,66.37931033681629,1493.4299999999998,1501.0,23124147.543867245,21312890.36351159
BITHUMB_KRW-SOON,B,2025-11-05 00:00:00,1027.0259999999998,2025-11-06 00:00:00,1135.863,0.11770679320679331,Trail,2,0.0,52.63157894603114,1027.0259999999998,1137.0,4571024752.043639,136615660104.29521
SOON_KRW,B,2025-11-05 00:00:00,1027.0259999999998,2025-11-06 00:00:00,1135.863,0.05248648719701364,Trail,2,0.0,52.63157894603114,1027.0259999999998,1137.0,4571024752.043639,136615660104.29521
UPBIT_KRW-USD1,B,2025-11-04 15:00:00,1485.484,2025-11-07 00:00:00,1490.014,0.003049511135764487,Time,5,-0.010423538725425468,50.75757575219238,1451.184,1493.0,2802627298.306264,1049820591.5468701
RESOLV_KRW,A,2025-11-06 00:00:00,80.89080999999999,2025-11-07 00:00:00,120.879,0.24667387549957792,Trail,2,0.0,69.46107783391301,80.89080999999999,121.0,41166506399.01,13444573602.164417
BITHUMB_KRW-RESOLV,A,2025-11-06 00:00:00,80.89080999999999,2025-11-07 15:00:00,121.878,0.45733915273299564,Time,3,0.0,69.46107783391301,80.89080999999999,122.0,41166506399.01,15938000689.700518
NEAR_KRW,A,2025-11-07 00:00:00,2967.9649999999997,2025-11-08 00:00:00,3680.316,0.11950663754458027,Trail,2,0.0,60.255629944708716,2967.9649999999997,3684.0,8033689166.550181,21586076548.490074
BITHUMB_KRW-NEAR,A,2025-11-07 00:00:00,2967.9649999999997,2025-11-08 15:00:00,4233.762,0.3033121107993428,Time,3,0.0,60.255629944708716,2967.9649999999997,4238.0,8033689166.550181,9277801536.742174
UPBIT_KRW-NEAR,A,2025-11-07 15:00:00,3135.1319999999996,2025-11-09 00:00:00,4374.621,0.30324576162753514,Time,3,0.0,64.30250783663783,3135.1319999999996,4379.0,107361356259.41536,74085312950.77786
S_KRW,A,2025-11-08 15:00:00,256.256,2025-11-09 00:00:00,255.488,-0.002997002997002889,SL,1,-0.11416708291708282,52.76073619178743,256.256,256.0,5175846999.482082,825856620.7692719
BITHUMB_KRW-S,A,2025-11-08 00:00:00,193.19299999999998,2025-11-09 15:00:00,240.277,0.24917635214526407,Time,3,0.0,52.76073619178743,193.19299999999998,241.0,5175846999.482082,359748817.5253364
ALICE_KRW,A,2025-11-09 00:00:00,399.39899999999994,2025-11-10 00:00:00,438.561,0.048526161808116725,Trail,2,0.0,43.190661476246426,399.39899999999994,468.0,21580363931.570953,2256689566.0795665
BITHUMB_KRW-ALICE,A,2025-11-09 00:00:00,399.39899999999994,2025-11-10 15:00:00,441.116,0.10444943527650306,Time,3,0.0,43.190661476246426,318.39899999999994,442.0,21580363931.570953,1032132562.2091769
BITHUMB_KRW-WLFI,A,2025-11-10 00:00:00,184.18399999999997,2025-11-11 15:00:00,220.779,0.21934768337252825,Time,3,0.0,57.77777777178601,184.18399999999997,221.0,31490225654.13294,8664008136.516708
UPBIT_KRW-VIRTUAL,B,2025-11-09 15:00:00,2052.0499999999997,2025-11-12 00:00:00,1998.0,-0.026339514144392062,Time,5,-0.0994371482176359,48.83720930211357,1473.85,2000.0,39395253369.6566,34391159285.20257
UPBIT_KRW-WLFI,A,2025-11-10 15:00:00,187.18699999999998,2025-11-12 00:00:00,224.775,0.22876575334520338,Time,3,0.0,53.459119492148254,187.18699999999998,225.0,165992424827.82175,29231556086.845936
UPBIT_KRW-BORA,A,2025-11-11 15:00:00,81.18109999999999,2025-11-13 00:00:00,86.7132,0.0681451717210042,Time,3,-0.025635277176584113,52.14105791612154,69.9053857142857,86.8,60414922724.487076,2081756801.765894
UPBIT_KRW-CVC,A,2025-11-12 00:00:00,97.39729999999999,2025-11-13 00:00:00,84.1601984142857,-0.13590830121280864,SL,2,-0.17862199465488252,59.66183572861677,84.24444285714284,87.9,41951669128.17857,2593068097.213358
BITHUMB_KRW-POPCAT,A,2025-11-12 00:00:00,218.218,2025-11-13 00:00:00,217.99978199999998,0.1271968228364034,SL_Profit,2,-0.1797193632056017,65.03067484104031,218.218,275.0,3456952519.3392076,12577575149.530611
GHX_KRW,A,2025-11-13 00:00:00,22.47245,2025-11-13 15:00:00,22.44997755,-0.0009999999999999397,SL,1,-0.016128637509483793,52.983425373383,22.47245,28.33,15298274893.659456,2264204416.903943
BITHUMB_KRW-GHX,A,2025-11-13 00:00:00,22.47245,2025-11-14 00:00:00,22.44997755,0.12153038593604933,SL_Profit,2,-0.016128637509483793,52.983425373383,22.47245,28.33,15298274893.659456,2264204416.903943
EDU_KRW,B,2025-11-13 15:00:00,262.524,2025-11-14 00:00:00,261.476,-0.003992015968063879,SL,1,-0.11246209870335665,50.50505049790838,262.524,262.0,1741950685.2107234,1409251674.689611
USD1_KRW,B,2025-11-14 00:00:00,1497.4789999999998,2025-11-15 00:00:00,1498.47,-0.0021691105518006908,Trail,2,0.0,60.563380269748066,1497.4789999999998,1510.0,730041792.4331003,151127251.8148516
BITHUMB_KRW-EDU,B,2025-11-13 15:00:00,262.524,2025-11-16 00:00:00,261.214,-0.004990019960079849,Time,5,-0.11246209870335665,50.50505049790838,225.524,262.0,1741950685.2107234,216698427.05253047
BITHUMB_KRW-USD1,B,2025-11-14 00:00:00,1497.4789999999998,2025-11-16 15:00:00,1492.5,-0.0033249214179296104,Time,5,-0.008333338898241522,60.563380269748066,1468.379,1500.0,730041792.4331003,110189428.2118024
BITHUMB_KRW-LA,A,2025-11-15 00:00:00,625.6249999999999,2025-11-16 15:00:00,699.3,0.1933885480234052,Time,3,0.0,69.36758893088707,625.6249999999999,700.0,35170356305.012505,19362682893.032173
ZK_KRW,B,2025-11-16 15:00:00,82.16207999999999,2025-11-17 00:00:00,81.99792,-0.0019980019980019425,SL,1,-0.13585439901229363,47.04580282088676,82.16207999999999,82.08,7546361627.404574,8513610262.108941
UPBIT_KRW-SYRUP,B,2025-11-16 15:00:00,677.6769999999999,2025-11-17 00:00:00,574.102323,-0.15283782244343538,SL,1,-0.1544644424998929,50.512820511007234,574.6769999999999,659.0,6039420744.970741,4178163723.7463207
BITHUMB_KRW-ZK,B,2025-11-16 00:00:00,76.23615999999998,2025-11-18 15:00:00,68.09183999999999,-0.10683014464527063,Time,5,-0.12744818207003067,47.04580282088676,51.45515999999999,68.16,7546361627.404574,8897887120.430355
UPBIT_KRW-MINA,B,2025-11-17 15:00:00,193.19299999999998,2025-11-20 00:00:00,186.813,-0.03302397084780503,Time,5,-0.09934624960531689,57.4626865641624,139.993,187.0,7579131948.125935,5891930660.152374
FORT_KRW,A,2025-11-19 00:00:00,34.064029999999995,2025-11-20 00:00:00,45.18477,0.162732888181463,Trail,2,0.0,68.0357522674505,34.064029999999995,59.44,40995045325.78996,10958441900.782736
BITHUMB_KRW-FORT,A,2025-11-19 00:00:00,34.064029999999995,2025-11-20 15:00:00,45.28467,0.37136520376898635,Time,3,0.0,68.0357522674505,34.064029999999995,45.33,40995045325.78996,7317821515.597541
XAI_KRW,A,2025-11-20 00:00:00,29.429399999999994,2025-11-21 00:00:00,35.61435,0.10458114334644959,Trail,2,0.0,66.47201941943513,29.429399999999994,37.72,8569340616.44746,14603753759.57335
BITHUMB_KRW-XAI,A,2025-11-20 00:00:00,29.429399999999994,2025-11-21 15:00:00,29.370541199999995,0.13692258616019545,SL_Profit,3,-0.007794926162272923,66.47201941943513,29.429399999999994,35.67,8569340616.44746,984604153.8991985
BITHUMB_KRW-HFT,A,2025-11-21 00:00:00,58.53847999999999,2025-11-22 00:00:00,58.47994151999999,0.16011286309937867,SL_Profit,2,-0.015177708748160088,69.50083193056552,58.53847999999999,86.75,60168069952.91328,13321785233.238968
HFT_KRW,A,2025-11-21 15:00:00,86.83675,2025-11-22 00:00:00,86.66325,-0.001998001998001883,SL,1,-0.33611057530365884,69.50083193056552,86.83675,86.75,60168069952.91328,13321785233.238968
BITHUMB_KRW-EDU,B,2025-11-20 15:00:00,252.75599999999997,2025-11-23 00:00:00,237.286,-0.06120527306967974,Time,5,-0.12563895614743062,57.251908390828035,217.65599999999998,238.0,369930310.0727782,283739919.6387416
LAYER_KRW,A,2025-11-22 00:00:00,294.294,2025-11-23 00:00:00,361.638,0.11391619604884914,Trail,2,0.0,67.18749999706054,294.294,449.0,41011452965.57659,17319703375.97231
BITHUMB_KRW-LAYER,A,2025-11-22 00:00:00,294.294,2025-11-23 15:00:00,361.638,0.29643708623737774,Time,3,0.0,67.18749999706054,294.294,362.0,41011452965.57659,3286525368.1904645
BAT_KRW,B,2025-11-24 00:00:00,287.861,2025-11-25 00:00:00,313.058,0.042265914799156534,Trail,2,0.0,44.66019417172212,287.861,314.0,517662138.1058687,613239680.9150486
UPBIT_KRW-BAT,B,2025-11-23 00:00:00,294.294,2025-11-25 15:00:00,314.685,0.06928785500214078,Time,5,-0.03497862681536145,43.81443298652886,248.79399999999998,315.0,5985752579.74196,5182027473.369178
UPBIT_KRW-SAHARA,B,2025-11-23 00:00:00,117.234,2025-11-25 15:00:00,119.76,0.02154665028916535,Time,5,-0.01052595663374102,49.99999995,110.934,120.0,1200360256.6632125,1061291113.5070643
RESOLV_KRW,B,2025-11-25 15:00:00,202.20199999999997,2025-11-26 00:00:00,201.798,-0.0019980019980018397,SL,1,-0.2977319709992976,46.57534246352036,202.20199999999997,202.0,9967019696.463312,14018437908.57718
BAT_KRW,B,2025-11-25 15:00:00,331.99299999999994,2025-11-26 00:00:00,330.007,-0.005982053838484346,SL,1,-0.07528170774684992,48.41628958969309,331.99299999999994,331.0,613239680.9150486,300263754.45577013
BITHUMB_KRW-BAT,B,2025-11-26 00:00:00,331.99299999999994,2025-11-27 00:00:00,329.01,0.061426477365486704,SL_Profit,2,-0.039136367333046,53.99999999622,331.99299999999994,330.0,300263754.45577013,732293303.9962137
BITHUMB_KRW-RESOLV,B,2025-11-25 00:00:00,210.20999999999998,2025-11-27 15:00:00,122.98688999999999,-0.41493320964749536,SL,5,-0.41487084344227193,46.57534246352036,123.10999999999999,138.0,9967019696.463312,3299245864.6771655
UPBIT_KRW-BAT,B,2025-11-26 00:00:00,315.31499999999994,2025-11-28 15:00:00,385.614,0.1797254887969174,Time,5,-0.02637045494188333,50.53763440479824,315.31499999999994,386.0,5182027473.369178,21781270306.006977
BITHUMB_KRW-ORCA,A,2025-11-27 00:00:00,1592.591,2025-11-28 15:00:00,1884.114,0.2211942525912626,Time,3,0.0,50.936329587347274,1592.591,1886.0,45182398916.13788,5798501744.912838
GLM_KRW,B,2025-11-28 15:00:00,371.742,2025-11-29 00:00:00,369.887,-0.004990019960079889,SL,1,-0.018136234270004516,52.2222222195144,371.742,371.0,1252396712.7401612,266202717.4878287
UPBIT_KRW-TIA,A,2025-11-28 15:00:00,997.9969999999998,2025-11-30 00:00:00,996.9990029999998,0.14023608731145623,SL_Profit,3,-0.05510738008230471,45.35367544988218,997.9969999999998,1167.0,54036598800.01457,14990545983.18855
BITHUMB_KRW-GLM,B,2025-11-28 00:00:00,377.754,2025-11-30 15:00:00,381.851,0.010845682640024936,Time,5,-0.0840599967174405,52.2222222195144,319.55400000000003,383.0,1252396712.7401612,249100121.12316808
BITHUMB_KRW-STAT,A,2025-11-29 00:00:00,65.34527999999999,2025-11-30 15:00:00,65.14924416,0.10266834242438234,SL_Profit,3,-0.055478834890599446,52.25581393647486,65.34527999999999,71.68,3814797813.5241323,359780156.49854857
UPBIT_KRW-WAL,A,2025-11-30 15:00:00,239.23899999999998,2025-12-01 15:00:00,238.99976099999998,0.15748725094391564,SL_Profit,2,-0.01353876249273729,63.84976525401926,239.23899999999998,346.0,80876620391.6038,17921840203.303013
UPBIT_KRW-GLM,B,2025-11-30 00:00:00,381.381,2025-12-02 15:00:00,347.304,-0.08935159328860116,Time,5,-0.12685739457392994,56.621004562590436,327.681,348.0,2655220841.6665335,1809107141.2290587
A8_KRW,A,2025-12-02 00:00:00,43.6436,2025-12-03 00:00:00,83.44647,0.45549893226040017,Trail,2,0.0,65.36710632759264,43.6436,83.53,33240677260.36245,22225291852.728817
BITHUMB_KRW-A8,A,2025-12-02 00:00:00,43.6436,2025-12-03 15:00:00,91.95795,0.9116257392672857,Time,3,0.0,65.36710632759264,43.6436,92.05,33240677260.36245,16117110349.318562
BARD_KRW,B,2025-12-03 00:00:00,1123.36,2025-12-03 15:00:00,1121.1132799999998,-0.0020000000000000855,SL,1,-0.024355504913829852,57.8231292489472,1123.36,1128.0,421280773.63956016,1694047862.5521784
UPBIT_KRW-GLM,B,2025-12-03 00:00:00,339.678,2025-12-05 15:00:00,337.983,-0.00499001996007982,Time,5,-0.03732358292265027,49.99999999611111,288.678,339.0,1809107141.2290587,481284501.66084915
UPBIT_KRW-BARD,B,2025-12-03 15:00:00,1104.1029999999998,2025-12-06 00:00:00,1203.588,0.10567211437701021,Time,5,0.0,59.655172410913195,1104.1029999999998,1206.0,4587829628.184309,1514475779.0337572
BITHUMB_KRW-BARD,B,2025-12-03 15:00:00,1131.3839999999998,2025-12-06 00:00:00,1192.412,0.07360420157965834,Time,5,-0.03127496941798699,57.8231292489472,1131.3839999999998,1196.0,421280773.63956016,376590412.76365924
THE_KRW,A,2025-12-06 00:00:00,236.23599999999996,2025-12-07 00:00:00,245.508,0.018624443353256998,Trail,2,0.0,69.23076922399139,236.23599999999996,276.0,4634465179.130825,1611258769.3984127
BITHUMB_KRW-THE,A,2025-12-06 00:00:00,236.23599999999996,2025-12-07 15:00:00,245.262,0.10674772443053313,Time,3,0.0,69.23076922399139,236.23599999999996,246.0,4634465179.130825,257189727.18764254
BITHUMB_KRW-PUFFER,A,2025-12-06 15:00:00,127.12699999999998,2025-12-08 00:00:00,108.891,-0.14344710407702516,Time,3,-0.20551889055826053,63.96960213572223,88.73685714285712,109.0,19584275745.058575,2390113283.171358
MOODENG_KRW,A,2025-12-07 15:00:00,139.13899999999998,2025-12-08 00:00:00,138.861,-0.0019980019980019377,SL,1,-0.05849546137315909,65.71428570552382,139.13899999999998,139.0,69921926675.93318,26891592007.028713
BITHUMB_KRW-MOODENG,A,2025-12-07 00:00:00,110.10999999999999,2025-12-08 15:00:00,139.86,0.2701843610934523,Time,3,0.0,65.7142857055238,73.59571428571428,140.0,69921926675.93318,13342218690.706476
BITHUMB_KRW-ENJ,A,2025-12-08 15:00:00,56.6566,2025-12-09 00:00:00,50.21761782857143,-0.11364928660435979,SL,1,-0.13496397595337525,65.73370648059691,50.26788571428571,56.6,3174825664.3330603,12701515390.954815
ENJ_KRW,A,2025-12-08 15:00:00,56.6566,2025-12-09 00:00:00,56.5434,-0.001998001998001982,SL,1,-0.13496397595337525,65.73370648059691,56.6566,56.6,3174825664.3330603,12701515390.954815
BITHUMB_KRW-DKA,A,2025-12-09 15:00:00,12.432419999999999,2025-12-10 00:00:00,10.499778359999999,-0.15545176562567867,SL,1,-0.251955773694904,63.74259366484589,10.520819999999999,12.42,2583124535.7671847,1721570186.9582958
DKA_KRW,A,2025-12-09 15:00:00,12.432419999999999,2025-12-10 00:00:00,12.39516,-0.002997002997002842,SL,1,-0.251955773694904,63.74259366484589,12.432419999999999,12.42,2583124535.7671847,1721570186.9582958
GNO_KRW,B,2025-12-10 15:00:00,197590.99999999997,2025-12-11 00:00:00,196015.0,-0.007976071784645915,SL,1,-0.050057947983460645,50.92024539876208,197590.99999999997,197000.0,598357889.7439572,60727945.6277255
LRC_KRW,A,2025-12-11 00:00:00,73.96388999999999,2025-12-12 00:00:00,86.94297,0.08723930089399036,Trail,2,0.0,62.73519961270554,73.96388999999999,94.58,19056509705.55592,5783057066.751489
BITHUMB_KRW-LRC,A,2025-12-11 00:00:00,73.96388999999999,2025-12-12 15:00:00,86.76315,0.21218144070997735,Time,3,0.0,62.73519961270554,73.96388999999999,86.85,19056509705.55592,11460380699.322989
BITHUMB_KRW-GNO,B,2025-12-10 15:00:00,197590.99999999997,2025-12-13 00:00:00,190741.5,-0.0346650404117595,Time,5,-0.062204250193581556,50.92024539876208,182080.99999999997,191700.0,598357889.7439572,37668648.06342
BAT_KRW,B,2025-12-12 00:00:00,394.788,2025-12-13 00:00:00,411.176,0.019755443427865036,Trail,2,0.0,47.735191635302115,394.788,412.0,1065067505.3442582,1624999943.4855945
PROMPT_KRW,A,2025-12-13 00:00:00,73.82374999999999,2025-12-14 00:00:00,92.4075,0.1253656597639649,Trail,2,0.0,66.19793519176271,73.82374999999999,103.0,19246497800.475006,6190975684.941979
BITHUMB_KRW-PROMPT,A,2025-12-13 00:00:00,73.82374999999999,2025-12-14 15:00:00,92.28506,0.28572729057867086,Time,3,0.0,66.19793519176271,73.82374999999999,92.47,19246497800.475006,1486483682.3058422
UPBIT_KRW-AERGO,A,2025-12-14 00:00:00,100.1,2025-12-14 15:00:00,89.54465142857143,-0.10544803767660907,SL,1,-0.1188811188811188,57.33041573736048,89.63428571428571,100.0,61715165987.2031,33707991376.9855
BITHUMB_KRW-BAT,B,2025-12-12 15:00:00,412.824,2025-12-15 00:00:00,388.222,-0.05959440342615747,Time,5,-0.13038001666569776,47.735191635302115,352.92400000000004,389.0,1065067505.3442582,1680500386.6829484
CORE_KRW,A,2025-12-14 15:00:00,244.24399999999997,2025-12-15 00:00:00,243.756,-0.00199800199800188,SL,1,-0.07879006239661966,59.71563980646437,244.24399999999997,244.0,6630611120.716116,2959168954.1182194
BITHUMB_KRW-CORE,A,2025-12-14 15:00:00,244.24399999999997,2025-12-16 00:00:00,246.259,0.008249946774537,Time,3,-0.13201552545814832,59.71563980646437,189.60114285714283,247.0,6630611120.716116,611119626.7045527
VANA_KRW,B,2025-12-15 15:00:00,4247.705,2025-12-16 00:00:00,4222.295,-0.005982053838484512,SL,1,-0.051252382168724034,56.67976424283545,4247.705,4235.0,621626976.9606197,292619070.43783426
BITHUMB_KRW-VANA,B,2025-12-15 15:00:00,4247.705,2025-12-16 15:00:00,3914.027585,-0.07855475250753056,SL,2,-0.08138630154401022,56.67976424283545,3925.805,4068.0,621626976.9606197,291884313.8222304
JST_KRW,B,2025-12-16 00:00:00,58.07894999999999,2025-12-17 00:00:00,59.08222,0.007137122399767971,Trail,2,0.0,27.92345851233678,58.07894999999999,59.26,93829080.74665351,230003119.959392
EGG_KRW,A,2025-12-17 00:00:00,1.5265249999999997,2025-12-18 00:00:00,1.593806,0.02103730695533983,Trail,2,0.0,66.47196152966418,1.5265249999999997,1.907,8834266558.598934,1571961358.125135
BITHUMB_KRW-JST,B,2025-12-16 00:00:00,58.07894999999999,2025-12-18 15:00:00,58.99355,0.03681817723977453,Time,5,0.0,27.92345851233678,58.07894999999999,59.29,93829080.74665351,52816297.8890103
BITHUMB_KRW-EGG,A,2025-12-17 00:00:00,1.5265249999999997,2025-12-18 15:00:00,1.5219454249999997,0.08898704971843145,SL_Profit,3,-0.14904767363783744,66.47196152966418,1.5265249999999997,1.597,8834266558.598934,540437580.8900326
UPBIT_KRW-BCH,B,2025-12-18 15:00:00,816315.4999999999,2025-12-19 15:00:00,827671.5,0.04515805132941865,Trail,2,0.0,47.01195219123244,816315.4999999999,842000.0,23281904733.0726,34028845397.393272
UPBIT_KRW-JST,B,2025-12-18 00:00:00,59.8194,2025-12-20 15:00:00,58.7233,-0.0183234870292915,Time,5,-0.023728088212185396,62.37623753730026,56.589400000000005,58.9,1551747871.3876362,272972046.4282108
UPBIT_KRW-BARD,B,2025-12-18 15:00:00,1196.195,2025-12-21 00:00:00,1234.764,0.032243070736794555,Time,5,-0.00434293739733065,46.887966804071326,1004.795,1236.0,49895942866.02681,7872046165.582775
UPBIT_KRW-SOPH,A,2025-12-19 15:00:00,17.1171,2025-12-21 00:00:00,23.576400000000003,0.32639926614738657,Time,3,0.0,56.81818177298553,17.1171,23.6,26090385617.541218,13319668644.52889
UPBIT_KRW-ANIME,A,2025-12-20 15:00:00,8.31831,2025-12-22 00:00:00,10.4895,0.2601741376210174,Time,3,0.0,62.03931193261052,8.31831,10.5,111439096688.0251,68185487002.81993
UPBIT_KRW-UNI,A,2025-12-21 00:00:00,9324.314999999999,2025-12-22 15:00:00,9080.91,-0.02610433045215642,Time,3,-0.053013545767168824,62.03931203909863,8177.457857142856,9090.0,38691894940.416954,8496138933.80547
BIOT_KRW,A,2025-12-22 00:00:00,0.4896892,2025-12-23 00:00:00,0.6399594,0.15293425993466875,Trail,2,0.0,67.21668595729514,0.4896892,0.8066,22904275050.440086,4141273409.293321
UPBIT_KRW-BARD,B,2025-12-21 00:00:00,1237.2359999999999,2025-12-23 15:00:00,1217.781,-0.015724566695440426,Time,5,-0.056768474244202304,54.744525546326386,1048.0359999999998,1219.0,5280602185.1506,2057450689.6939409
BCH_KRW,B,2025-12-23 00:00:00,881380.4999999999,2025-12-23 15:00:00,856642.5,-0.028067333007707668,SL,1,-0.06283381581507634,49.023437499997314,881380.4999999999,857500.0,2616502363.7135253,3422033228.3997602
BITHUMB_KRW-ZBT,A,2025-12-24 00:00:00,106.106,2025-12-25 00:00:00,145.854,0.30664420350538957,Trail,2,0.0,44.24778760513744,106.106,146.0,9273470708.050667,28318231184.178726
ZBT_KRW,A,2025-12-24 00:00:00,106.106,2025-12-25 00:00:00,145.854,0.186803262774961,Trail,2,0.0,44.24778760513744,106.106,146.0,9273470708.050667,28318231184.178726
UPBIT_KRW-BCH,B,2025-12-23 00:00:00,880379.4999999999,2025-12-25 15:00:00,836662.5,-0.049656994512025654,Time,5,-0.056656816747777394,52.99295774647626,812029.4999999999,837500.0,13249001549.6916,11215387016.13876
ZBT_KRW,A,2025-12-25 00:00:00,146.146,2025-12-26 00:00:00,181.818,0.12154234122042355,Trail,2,0.0,68.33333332801853,146.146,219.0,28318231184.178726,14213816581.767593
BITHUMB_KRW-ZBT,A,2025-12-25 00:00:00,146.146,2025-12-26 15:00:00,180.819,0.2573370162127502,Time,3,0.0,68.33333332801853,146.146,181.0,28318231184.178726,5365641941.435683
UPBIT_KRW-ZBT,A,2025-12-26 00:00:00,231.23099999999997,2025-12-26 15:00:00,195.16421185714282,-0.1559773046990116,SL,1,-0.23885638171352447,69.43005180843512,195.3595714285714,231.0,210595765280.4519,75928389477.05963
UPBIT_KRW-0G,A,2025-12-26 00:00:00,1541.5399999999997,2025-12-27 15:00:00,1463.535,-0.050601995407189994,Time,3,-0.09311467753026179,57.00846660320026,1286.968571428571,1465.0,181725266069.36624,54442921736.62003
BITHUMB_KRW-CPOOL,A,2025-12-26 15:00:00,61.381319999999995,2025-12-27 15:00:00,48.49898478857143,-0.20987387060800533,SL,2,-0.25808047138771206,57.722513067850386,48.596177142857144,49.64,13709611183.98527,852912902.8841612
UPBIT_KRW-CPOOL,A,2025-12-26 15:00:00,45.345299999999995,2025-12-28 00:00:00,45.299954699999994,0.13394271102596553,SL_Profit,3,-0.00982020187318192,49.57264955287701,45.345299999999995,49.6,135622534904.19061,6141062031.171174
STORJ_KRW,A,2025-12-28 00:00:00,170.17,2025-12-29 00:00:00,205.794,0.10417179878944588,Trail,2,0.0,56.756756749598246,170.17,218.0,12396335199.19557,3168354634.3043413
BITHUMB_KRW-STORJ,A,2025-12-28 00:00:00,170.17,2025-12-29 15:00:00,204.59,0.1984551289047088,Time,3,0.0,56.756756749598246,170.17,205.0,12396335199.19557,1846021786.7614257
STRAX_KRW,A,2025-12-29 15:00:00,37.357319999999994,2025-12-30 00:00:00,37.28268,-0.0019980019980018688,SL,1,-0.15250879881104948,69.08352662603426,37.357319999999994,37.32,24951571297.440304,9254842593.901714
BITHUMB_KRW-STRAX,A,2025-12-29 00:00:00,28.69867,2025-12-30 15:00:00,31.97592,0.14572406045795355,Time,3,0.0,69.08352662603426,28.69867,32.04,24951571297.440304,1801824127.7076797
BITHUMB_KRW-GRND,B,2025-12-28 15:00:00,53.907599999999995,2025-12-31 00:00:00,53.22255,-0.012707855664136354,Time,5,-0.03538647611839509,61.16433302459097,47.099599999999995,53.49,1103046109.7992249,110377308.4821593
BITHUMB_KRW-WCT,A,2025-12-30 00:00:00,105.10499999999999,2025-12-31 15:00:00,119.76,0.1910414911618995,Time,3,0.0,68.53932583191516,105.10499999999999,120.0,5407818172.282959,1409333389.4948
AIOZ_KRW,A,2025-12-31 00:00:00,134.134,2025-12-31 15:00:00,133.86573199999998,-0.002000000000000046,SL,1,-0.05318562034979936,56.12244897157434,134.134,181.0,4170675294.1472526,1613027917.8194342
UPBIT_KRW-WCT,A,2025-12-30 15:00:00,105.10499999999999,2026-01-01 00:00:00,116.883,0.17731851617769995,Time,3,0.0,69.99999998775,105.10499999999999,117.0,52549358712.38084,21761925594.00376
BITHUMB_KRW-AIOZ,A,2025-12-31 15:00:00,181.18099999999998,2026-01-01 00:00:00,143.35086657142855,-0.2087974645717345,SL,1,-0.29904349793852547,56.12244897157434,143.63814285714284,181.0,4170675294.1472526,1613027917.8194342
UPBIT_KRW-JST,B,2025-12-31 15:00:00,60.68149999999999,2026-01-01 00:00:00,57.96707549999999,-0.04473232369008677,SL,1,-0.06231718068933686,56.140350808248684,58.14149999999999,61.0,319853781.38569844,422761886.15560037
IP_KRW,A,2026-01-01 15:00:00,2936.9339999999997,2026-01-02 00:00:00,2931.066,-0.001998001998001977,SL,1,-0.08475982095613989,63.80890052297557,2936.9339999999997,2934.0,14188383591.20414,23398116883.65818
BITHUMB_KRW-IP,A,2026-01-01 15:00:00,2936.9339999999997,2026-01-03 00:00:00,3110.886,0.05922911444383845,Time,3,-0.08475982095613989,63.80890052297557,2473.6911428571425,3114.0,14188383591.20414,10871533036.167244
HOLO_KRW,A,2026-01-02 00:00:00,96.83673999999998,2026-01-03 00:00:00,117.882,0.10816361259166733,Trail,2,0.0,67.56822022523599,96.83673999999998,130.0,9052464827.346035,2784809480.1028824
BITHUMB_KRW-HOLO,A,2026-01-02 00:00:00,96.83673999999998,2026-01-03 15:00:00,117.764,0.230565992691853,Time,3,0.0,67.56822022523599,96.83673999999998,118.0,9052464827.346035,1199526000.4836135
UPBIT_KRW-AERO,A,2026-01-03 00:00:00,820.8199999999999,2026-01-04 15:00:00,813.186,-0.009300455641918937,Time,3,-0.0680051655661411,58.78378378193024,715.6485714285714,814.0,4628110607.413259,3207089806.7200027
BITHUMB_KRW-STX,A,2026-01-03 00:00:00,387.38699999999994,2026-01-04 15:00:00,472.527,0.16851155157135234,Time,3,0.0,64.6408839729007,387.38699999999994,473.0,2120870583.4602041,3443669215.624533
UPBIT_KRW-VIRTUAL,A,2026-01-03 15:00:00,1125.1239999999998,2026-01-05 00:00:00,1307.691,0.1513875989287785,Time,3,0.0,66.90518783374478,1125.1239999999998,1309.0,65086295517.0834,137933910413.55823
WIF_KRW,A,2026-01-04 15:00:00,580.737,2026-01-05 00:00:00,577.842,-0.0049850448654037574,SL,1,-0.04087392399657671,62.49999999719551,580.737,579.0,734867120.5192021,1344806386.2059283
BITHUMB_KRW-WIF,A,2026-01-04 15:00:00,580.737,2026-01-06 00:00:00,572.852,0.05650788591540949,SL_Profit,3,-0.04087392399657671,62.49999999719551,580.737,574.0,734867120.5192021,1601364829.796766
GRASS_KRW,A,2026-01-05 00:00:00,465.39199999999994,2026-01-06 00:00:00,500.49399999999997,0.03621229415202669,Trail,2,0.0,68.6046511572066,465.39199999999994,516.0,505080027.44046134,247762784.41415513
BITHUMB_KRW-GRASS,A,2026-01-05 00:00:00,465.39199999999994,2026-01-06 15:00:00,503.46999999999997,0.08717020244684667,Time,3,0.0,68.6046511572066,465.39199999999994,506.0,505080027.44046134,105027962.38938507
UPBIT_KRW-BSV,A,2026-01-06 00:00:00,30940.909999999996,2026-01-07 00:00:00,28406.617804285714,-0.08190748739175037,SL,2,-0.08599973303952588,63.731656184392854,28435.052857142855,30230.0,78383031844.1952,3605025003.1019263
H_KRW,B,2026-01-06 15:00:00,229.22899999999998,2026-01-07 00:00:00,228.771,-0.001998001998001991,SL,1,-0.040261048994673386,39.99999999599999,229.22899999999998,229.0,8162117831.664708,6379445927.165451
XPLA_KRW,B,2026-01-07 15:00:00,32.262229999999995,2026-01-08 00:00:00,32.16554,-0.0029970029970028513,SL,1,-0.08933759383650779,55.99999997319658,32.262229999999995,32.23,13970653478.294111,1656110117.2413268
BITHUMB_KRW-H,B,2026-01-06 00:00:00,228.22799999999998,2026-01-08 15:00:00,228.771,0.0023791997476208283,Time,5,-0.03605166763061492,39.99999999599999,185.528,229.0,8162117831.664708,4210077910.047513
ANIME_KRW,B,2026-01-08 00:00:00,10.86085,2026-01-09 00:00:00,11.35863,0.0224162542526598,Trail,2,0.0,45.759717201301044,10.86085,12.33,10263077299.942741,2183235950.621144
AMO_KRW,B,2026-01-09 00:00:00,0.8304315,2026-01-09 15:00:00,0.817691,-0.01534202399595878,SL,1,-0.02159299111365596,64.37932998218488,0.8304315,0.8218,74495218.79360671,100718700.35529798
BITHUMB_KRW-XPLA,B,2026-01-07 15:00:00,32.262229999999995,2026-01-10 00:00:00,30.93691,-0.041079615389264613,Time,5,-0.11971367137361544,55.99999997319658,23.259229999999995,31.03,13970653478.294111,543401823.4818503
UPBIT_KRW-ANIME,B,2026-01-08 15:00:00,11.111099999999999,2026-01-11 00:00:00,10.8782,-0.020961020961020874,Time,5,-0.04599904599904592,42.307692193786984,9.7411,10.9,30198672586.945297,1625029267.788118
BITHUMB_KRW-AMO,B,2026-01-09 15:00:00,0.8259089999999999,2026-01-12 00:00:00,0.8180890000000001,-0.009468355472576068,Time,5,-0.054375239887202914,64.37932998218488,0.7772489999999999,0.8222,74495218.79360671,103711670.3768487
BITHUMB_KRW-H,B,2026-01-10 15:00:00,244.24399999999997,2026-01-13 00:00:00,253.746,0.038903719231588245,Time,5,-0.04603593128183281,59.16666665976389,208.54399999999998,254.0,8773047779.329979,6463948243.546044
PAXG_KRW,B,2026-01-12 00:00:00,6643260.0,2026-01-13 00:00:00,6784585.0,0.009136720525765946,Trail,2,0.0,78.3926218708813,6643260.0,6805000.0,1627704129.098961,317490992.3868882
H_KRW,B,2026-01-13 00:00:00,254.25399999999996,2026-01-13 15:00:00,246.753,-0.029501994068923114,SL,1,-0.05999512298724883,47.31182794986704,254.25399999999996,247.0,6463948243.546044,8461243942.981709
BITHUMB_KRW-PAXG,B,2026-01-11 15:00:00,6663149.999999999,2026-01-14 00:00:00,6801534.0,0.022048092868988463,Time,5,-0.004975124378109314,48.9607390300223,6663149.999999999,6822000.0,67072615.18478852,281635754.46716875
GRND_KRW,B,2026-01-14 00:00:00,52.45094999999999,2026-01-14 15:00:00,52.29359714999999,-0.0030000000000000447,SL,1,-0.017748963555473996,48.321623678649274,52.45094999999999,53.84,142624825.06151146,240684769.79545876
BITHUMB_KRW-H,B,2026-01-13 00:00:00,254.25399999999996,2026-01-15 00:00:00,253.99974599999996,0.060491067987131025,SL_Profit,4,-0.05999512298724883,47.31182794986704,254.25399999999996,264.0,6463948243.546044,30708696321.624012
BITHUMB_KRW-GRND,B,2026-01-14 00:00:00,52.45094999999999,2026-01-17 00:00:00,51.948,0.03755984448327446,SL_Profit,6,-0.017748963555473996,48.321623678649274,52.45094999999999,52.0,142624825.06151146,3520136825.0525055
UPBIT_KRW-ANIME,B,2026-01-14 15:00:00,11.3113,2026-01-17 00:00:00,11.088899999999999,-0.019661754175028547,Time,5,-0.045202585025593746,66.66666640740743,10.171299999999999,11.1,2628017019.216989,3549127832.7550936
BITHUMB_KRW-TEMCO,B,2026-01-15 00:00:00,1.2522509999999998,2026-01-17 15:00:00,1.315043,0.07400149730365563,Time,5,0.0,31.84523676835326,1.2522509999999998,1.319,4554778272.149937,221521434.0437862
PEPE_KRW,B,2026-01-17 00:00:00,0.0086086,2026-01-17 15:00:00,0.0085999914,-0.0009999999999999495,SL,1,-0.03584787305717529,47.825941399308775,0.0086086,0.0087,3065958059.15946,3136396449.2153463
BITHUMB_KRW-PEPE,B,2026-01-17 00:00:00,0.0086086,2026-01-18 15:00:00,0.007481111399999999,-0.13097235322816725,SL,3,-0.14039448923169842,47.825941399308775,0.007488599999999999,0.0085,3065958059.15946,9268131718.393524
UPBIT_KRW-PEPE,B,2026-01-17 15:00:00,0.008768759999999999,2026-01-19 00:00:00,0.007617135239999999,-0.13133268101761253,SL,3,-0.15495463440668908,47.85467492319325,0.007624759999999999,0.0081,4232922890.5878577,7984519706.068101
BITHUMB_KRW-BIOT,B,2026-01-17 15:00:00,0.7419914999999999,2026-01-20 00:00:00,0.6968033,-0.060901236739234754,Time,5,-0.07357429296696782,42.76773088056941,0.6465414999999999,0.6989,160936030.6490002,770213543.2891804
BORA_KRW,A,2026-01-19 15:00:00,77.83776,2026-01-20 00:00:00,77.60448000000001,-0.0029970029970029133,SL,1,-0.12780121113454448,62.08152643765584,77.83776,77.76,6770936375.029173,1273780244.1209674
BITHUMB_KRW-BORA,A,2026-01-19 15:00:00,77.83776,2026-01-21 00:00:00,69.32141,-0.10941155038377263,Time,3,-0.1576067964956855,62.08152643765584,63.99961714285714,69.53,6770936375.029173,701984913.5348787
XPLA_KRW,B,2026-01-20 15:00:00,29.46944,2026-01-21 00:00:00,29.381120000000003,-0.00299700299700286,SL,1,-0.11433675020631534,47.551342759421885,29.46944,29.44,9986224025.88541,1011471257.4802067
BITHUMB_KRW-XPLA,B,2026-01-20 15:00:00,29.46944,2026-01-23 00:00:00,26.58999,-0.0977096951961082,Time,5,-0.11433675020631534,47.551342759421885,24.480439999999998,26.67,9986224025.88541,797411087.9739677
UPBIT_KRW-XTZ,B,2026-01-21 15:00:00,824.824,2026-01-24 00:00:00,866.393,0.05039741811586481,Time,5,0.0,55.83524027281077,718.524,869.0,6874347617.207762,796162161.3283775
BITHUMB_KRW-SWAP,B,2026-01-21 15:00:00,74.5509,2026-01-24 00:00:00,73.74940000000001,-0.010751043917645395,Time,5,-0.03609480234309712,47.78997328184338,65.7679,74.12,192489883.65417793,152183102.80833375
UPBIT_KRW-IN,A,2026-01-23 15:00:00,86.98689999999999,2026-01-25 00:00:00,124.875,0.34104717877880797,Time,3,0.0,57.78816198116769,86.98689999999999,125.0,99313755148.81209,16389368837.688671
SOMI_KRW,A,2026-01-24 00:00:00,287.287,2026-01-25 00:00:00,381.618,0.1636755457086468,Trail,2,0.0,62.19512194856484,287.287,463.0,26775661107.04909,20066537229.621574
BITHUMB_KRW-SOMI,A,2026-01-24 00:00:00,287.287,2026-01-25 15:00:00,381.618,0.29994827248411127,Time,3,0.0,62.19512194856484,287.287,382.0,26775661107.04909,4130310626.0456395
UPBIT_KRW-SOMI,A,2026-01-25 00:00:00,499.49899999999997,2026-01-25 15:00:00,429.8972438571428,-0.1393431341060886,SL,1,-0.2592577762918444,66.75749318546428,430.3275714285714,499.0,263916423681.07745,131499349384.1054
PIEVERSE_KRW,B,2026-01-25 15:00:00,882.882,2026-01-26 00:00:00,881.118,-0.0019980019980018805,SL,1,-0.06782559843784328,77.77777777411148,882.882,882.0,5378623461.950074,5935084411.094965
AQT_KRW,B,2026-01-26 00:00:00,947.8349999999999,2026-01-26 15:00:00,927.34,-0.021622961802423304,SL,1,-0.039917285181492485,56.451612898976755,947.8349999999999,932.0,741832043.4852431,126863925.64374225
UPBIT_KRW-XTZ,B,2026-01-25 00:00:00,866.5919999999999,2026-01-27 15:00:00,827.51,-0.04509850079391442,Time,5,-0.07222776116096143,50.348027840591946,764.1919999999999,830.0,796162161.3283775,351476638.4800449
BITHUMB_KRW-PIEVERSE,B,2026-01-25 15:00:00,882.882,2026-01-28 00:00:00,851.148,-0.03594364818854606,Time,5,-0.06782559843784328,77.77777777411148,772.982,852.0,5378623461.950074,7191134636.290835
AKT_KRW,B,2026-01-27 00:00:00,632.632,2026-01-28 00:00:00,662.008,0.021717289040073966,Trail,2,0.0,38.5964912261742,632.632,668.0,4441443904.18247,521494796.78861773
FXS_KRW,B,2026-01-28 00:00:00,1180.1789999999999,2026-01-28 15:00:00,1177.818642,-0.0019999999999999202,SL,1,-0.004388317365416484,53.46838551235465,1180.1789999999999,1412.0,8332514298.924685,1400005500.5742695
UPBIT_KRW-JTO,A,2026-01-28 15:00:00,537.5369999999999,2026-01-30 00:00:00,545.454,0.014728288471305289,Time,3,-0.0698314720661088,43.2291666650906,431.07985714285707,546.0,120990355656.45755,6720853412.538814
UPBIT_KRW-WLD,A,2026-01-28 15:00:00,676.6759999999999,2026-01-30 00:00:00,675.9993239999999,0.09831090042670776,SL_Profit,3,-0.03203305570169466,46.6367712989845,676.6759999999999,701.0,58256748643.32615,16772595756.120584
BITHUMB_KRW-FXS,B,2026-01-28 00:00:00,1180.1789999999999,2026-01-30 15:00:00,1277.157,0.08217228064556316,Time,5,-0.017098253739474996,53.46838551235465,534.7789999999999,1281.0,8332514298.924685,542107476.7327565
LRC_KRW,A,2026-01-30 00:00:00,66.52645999999999,2026-01-31 00:00:00,84.15576,0.13199840740060428,Trail,2,0.0,63.19953684128148,66.52645999999999,90.4,10942064933.15958,6434762273.943092
BITHUMB_KRW-LRC,A,2026-01-30 00:00:00,66.52645999999999,2026-01-31 15:00:00,84.3156,0.31418000165433646,Time,3,0.0,63.19953684128148,66.52645999999999,84.4,10942064933.15958,2373521157.2909803
BITHUMB_KRW-RAD,A,2026-01-31 00:00:00,380.37999999999994,2026-02-01 15:00:00,547.902,0.31898623932458536,Time,3,0.0,67.63636363292034,380.37999999999994,549.0,4346344770.731542,1315592789.0408812
UPBIT_KRW-CBK,A,2026-01-31 15:00:00,449.44899999999996,2026-02-01 15:00:00,448.99955099999994,0.09193516537550894,SL_Profit,2,-0.009898787181637864,61.187214607960634,449.44899999999996,565.0,166112474569.33047,19847731763.016712
BITHUMB_KRW-IRYS,B,2026-01-30 15:00:00,69.80934,2026-02-02 00:00:00,71.29711999999999,0.021312047929402948,Time,5,-0.08608217754243212,50.18881494870268,55.33834,71.44,975685819.3285089,1261124329.5371196
POKT_KRW,A,2026-02-01 15:00:00,14.564549999999999,2026-02-02 00:00:00,14.53545,-0.0019980019980018545,SL,1,-0.08407743459289845,65.7225155583238,14.564549999999999,14.55,19602400616.8057,19602400616.8057
ZORA_KRW,A,2026-02-01 15:00:00,33.68364999999999,2026-02-02 00:00:00,33.61635,-0.0019980019980018774,SL,1,-0.10936017919673176,55.186984982619535,33.68364999999999,33.65,21118091387.061367,21118091387.061367
ZRO_KRW,B,2026-02-02 00:00:00,2511.012,2026-02-02 15:00:00,2500.988,-0.003992015968064008,SL,1,-0.05297147126337913,52.714600146464406,2511.012,2506.0,930114400.101724,930114400.101724
BITHUMB_KRW-ZK,A,2026-02-02 00:00:00,33.26322999999999,2026-02-03 00:00:00,33.196769999999994,0.1514590387687203,SL_Profit,2,-0.10982787901235071,48.67945508252676,33.26322999999999,33.23,38296497593.30417,38296497593.30417
UPBIT_KRW-AHT,B,2026-02-02 15:00:00,2.51502,2026-02-03 15:00:00,2.5049799999999998,0.05374866999069593,SL_Profit,2,-0.045733234725767555,43.87755039358601,2.51502,2.51,1474658043.419005,1474658043.419005
BITHUMB_KRW-PUMP,B,2026-02-02 15:00:00,3.8796039999999996,2026-02-03 15:00:00,3.991,0.028713239804887433,ForceClose,2,-0.09140211217433525,49.908991372870084,3.2142039999999996,3.991,765067211.1275271,0.0
BITHUMB_KRW-EDU,B,2026-02-03 00:00:00,231.69299999999998,2026-02-03 15:00:00,232.0,0.0013250292412805584,ForceClose,1,-0.059099757006038096,43.60902255180056,203.19299999999998,232.0,216377059.86675516,0.0
EDU_KRW,B,2026-02-03 15:00:00,231.69299999999998,2026-02-03 15:00:00,231.0,-0.0029910269192422027,ForceClose,0,0.0,43.18181817723829,231.69299999999998,231.0,205994858.8276654,0.0
